ticker,name,sector
1301,極洋,生活必需品
1305,ｉＦｒｅｅＥＴＦ　ＴＯＰＩＸ（年１回決算型）,N/A
1306,ＮＥＸＴ　ＦＵＮＤＳ　ＴＯＰＩＸ連動型上場投信,N/A
1308,上場インデックスファンドＴＯＰＩＸ,N/A
1311,ＮＥＸＴ　ＦＵＮＤＳ　ＴＯＰＩＸ　Ｃｏｒｅ　３０連動型上場投信,N/A
130A,Ｖｅｒｉｔａｓ　Ｉｎ　Ｓｉｌｉｃｏ,ヘルスケア
1309,ＮＥＸＴ　ＦＵＮＤＳ　ＣｈｉｎａＡＭＣ・中国株式・上証５０連動型上場投信,N/A
1319,ＮＥＸＴ　ＦＵＮＤＳ　日経３００株価指数連動型上場投信,N/A
1320,ｉＦｒｅｅＥＴＦ　日経２２５（年１回決算型）,N/A
131A,ＣＣＮグループ,N/A
1321,ＮＥＸＴ　ＦＵＮＤＳ　日経２２５連動型上場投信,N/A
1322,上場インデックスファンド中国Ａ株（パンダ）Ｅ　Ｆｕｎｄ　ＣＳＩ３００,N/A
1326,ＳＰＤＲゴールド・シェア,N/A
1325,ＮＥＸＴ　ＦＵＮＤＳ　ブラジル株式指数・ボベスパ連動型上場投信,N/A
1328,ＮＥＸＴ　ＦＵＮＤＳ　金価格連動型上場投信,N/A
1329,ｉシェアーズ・コア　日経２２５　ＥＴＦ,N/A
132A,アイエヌホールディングス,N/A
1330,上場インデックスファンド２２５,N/A
1333,マルハニチロ,生活必需品
1332,ニッスイ,生活必需品
133A,グローバルＸ　超短期米国債　ＥＴＦ,N/A
1343,ＮＥＸＴ　ＦＵＮＤＳ　東証ＲＥＩＴ　指数連動型上場投信,N/A
1345,上場インデックスファンドＪリート（東証ＲＥＩＴ指数）隔月分配型,N/A
1346,ＭＡＸＩＳ　日経２２５上場投信,N/A
1348,ＭＡＸＩＳ　トピックス上場投信,N/A
1349,ＡＢＦ汎アジア債券インデックス・ファンド,N/A
134A,アプライズ,N/A
1356,ＴＯＰＩＸベア２倍上場投信,N/A
1357,ＮＥＸＴ　ＦＵＮＤＳ　日経平均ダブルインバース・インデックス連動型上場投信,N/A
135A,ＶＲＡＩＮ　Ｓｏｌｕｔｉｏｎ,情報技術
1358,上場インデックスファンド日経レバレッジ指数,N/A
1360,日経平均ベア２倍上場投信,N/A
1364,ｉシェアーズ　ＪＰＸ日経４００　ＥＴＦ,N/A
1365,ｉＦｒｅｅＥＴＦ　日経平均レバレッジ・インデックス,N/A
1366,ｉＦｒｅｅＥＴＦ　日経平均ダブルインバース・インデックス,N/A
1367,ｉＦｒｅｅＥＴＦ　ＴＯＰＩＸレバレッジ（２倍）指数,N/A
1369,Ｏｎｅ　ＥＴＦ　日経２２５,N/A
1368,ｉＦｒｅｅＥＴＦ　ＴＯＰＩＸダブルインバース（－２倍）指数,N/A
136A,三興商事,N/A
1375,ユキグニファクトリー,生活必需品
1376,カネコ種苗,素材
137A,Ｃｏｃｏｌｉｖｅ,N/A
1379,ホクト,生活必需品
1377,サカタのタネ,生活必需品
1380,秋川牧園,生活必需品
1381,アクシーズ,生活必需品
1382,ホーブ,生活必需品
1383,ベルグアース,生活必需品
1384,ホクリヨウ,生活必需品
138A,光フードサービス,一般消費財
1397,ＳＭＤＡＭ　日経２２５上場投信,N/A
1398,ＳＭＤＡＭ　東証ＲＥＩＴ指数上場投信,N/A
1399,上場インデックスファンドＭＳＣＩ日本株高配当低ボラティリティ,N/A
139A,東日本地所,N/A
1401,エムビーエス,資本財
1407,ウエストホールディングス,公益事業
140A,ｉＦｒｅｅＥＴＦ　米国１０年国債先物インバース,N/A
1414,ショーボンドホールディングス,資本財
1418,インターライフホールディングス,資本財
1417,ミライト・ワン,資本財
141A,トライアルホールディングス,生活必需品
1419,タマホーム,一般消費財
142A,ジンジブ,資本財
1429,日本アクア,資本財
1430,ファーストコーポレーション,一般消費財
1420,サンヨーホームズ,一般消費財
1431,Ｌｉｂ　Ｗｏｒｋ,不動産
1432,動力,N/A
1434,ＪＥＳＣＯホールディングス,資本財
1433,ベステラ,資本財
1435,ｒｏｂｏｔ　ｈｏｍｅ,不動産
1438,岐阜造園,資本財
143A,イシン,コミュニケーション・サービス
1436,グリーンエナジー＆カンパニー,資本財
1443,技研ホールディングス,資本財
1445,ひかりホールディングス,N/A
1444,ニッソウ,一般消費財
1447,ＳＡＡＦホールディングス,情報技術
1446,キャンディル,資本財
144A,エネルギーパワー,N/A
1450,ＴＡＮＡＫＥＮ,資本財
1452,横浜ライト工業,N/A
1456,ｉＦｒｅｅＥＴＦ　日経平均インバース・インデックス,N/A
1458,楽天ＥＴＦ‐日経レバレッジ指数連動型,N/A
1457,ｉＦｒｅｅＥＴＦ　ＴＯＰＩＸインバース（－１倍）指数,N/A
1459,楽天ＥＴＦ‐日経ダブルインバース指数連動型,N/A
145A,Ｌ　ｉｓ　Ｂ,情報技術
1466,ｉＦｒｅｅＥＴＦ　ＪＰＸ日経４００ダブルインバース・インデックス,N/A
1469,ＪＰＸ日経４００ベア２倍上場投信（ダブルインバース）,N/A
146A,コロンビア・ワークス,不動産
1472,ＮＥＸＴ　ＦＵＮＤＳ　ＪＰＸ日経４００ダブルインバース・インデックス連動型上場投信,N/A
1474,Ｏｎｅ　ＥＴＦ　ＪＰＸ日経４００,N/A
1476,ｉシェアーズ・コア　Ｊリート　ＥＴＦ,N/A
1473,Ｏｎｅ　ＥＴＦ　トピックス,N/A
1475,ｉシェアーズ・コア　ＴＯＰＩＸ　ＥＴＦ,N/A
1477,ｉシェアーズ　ＭＳＣＩ　日本株最小分散　ＥＴＦ,N/A
1479,ｉＦｒｅｅＥＴＦ　ＭＳＣＩ日本株人材設備投資指数,N/A
1478,ｉシェアーズ　ＭＳＣＩ　ジャパン高配当利回り　ＥＴＦ,N/A
147A,ソラコム,情報技術
1480,ＮＥＸＴ　ＦＵＮＤＳ　野村企業価値分配指数連動型上場投信,N/A
1483,ｉシェアーズ　ＪＰＸ／Ｓ＆Ｐ設備・人材投資　ＥＴＦ,N/A
1482,ｉシェアーズ・コア　米国債７－１０年　ＥＴＦ（為替ヘッジあり）,N/A
1481,上場インデックスファンド日本経済貢献株,N/A
1484,Ｏｎｅ　ＥＴＦ　ＪＰＸ／Ｓ＆Ｐ　設備・人材投資指数,N/A
1485,ＭＡＸＩＳ　ＪＡＰＡＮ　設備・人材積極投資企業２００上場投信,N/A
1486,上場インデックスファンド米国債券（為替ヘッジなし）,N/A
1487,上場インデックスファンド米国債券（為替ヘッジあり）,N/A
1488,ｉＦｒｅｅＥＴＦ　東証ＲＥＩＴ指数,N/A
1489,ＮＥＸＴ　ＦＵＮＤＳ　日経平均高配当株５０指数連動型上場投信,N/A
148A,ハッチ・ワーク,資本財
1490,上場インデックスファンドＭＳＣＩ日本株高配当低ボラティリティ（βヘッジ）,N/A
1491,中外鉱業,素材
1493,Ｏｎｅ　ＥＴＦ　ＪＰＸ日経中小型,N/A
1494,Ｏｎｅ　ＥＴＦ　高配当日本株,N/A
1495,上場インデックスファンドアジアリート,N/A
1496,ｉシェアーズ　米ドル建て投資適格社債　ＥＴＦ（為替ヘッジあり）,N/A
1497,ｉシェアーズ　米ドル建てハイイールド社債　ＥＴＦ（為替ヘッジあり）,N/A
149A,シンカ,情報技術
1498,Ｏｎｅ　ＥＴＦ　ＥＳＧ,N/A
1499,ＭＡＸＩＳ日本株高配当７０マーケットニュートラル上場投信,N/A
150A,ＪＳＨ,資本財
1514,住石ホールディングス,エネルギー
1515,日鉄鉱業,素材
1518,三井松島ホールディングス,エネルギー
151A,ダイブ,資本財
152A,オプティ,N/A
153A,カウリス,情報技術
1540,純金上場信託（現物国内保管型）,N/A
1542,純銀上場信託（現物国内保管型）,N/A
1543,純パラジウム上場信託（現物国内保管型）,N/A
1541,純プラチナ上場信託（現物国内保管型）,N/A
1545,ＮＥＸＴ　ＦＵＮＤＳ　ＮＡＳＤＡＱ－１００（為替ヘッジなし）連動型上場投信,N/A
1546,ＮＥＸＴ　ＦＵＮＤＳ　ダウ・ジョーンズ工業株３０種平均株価（為替ヘッジなし）連動型上場投信,N/A
154A,ＧＡＩＡ,N/A
1547,上場インデックスファンド米国株式（Ｓ＆Ｐ５００）,N/A
1551,東証スタンダードＴＯＰ２０ＥＴＦ,N/A
1550,ＭＡＸＩＳ　海外株式（ＭＳＣＩコクサイ）上場投信,N/A
1554,上場インデックスファンド世界株式（ＭＳＣＩ　ＡＣＷＩ）除く日本,N/A
1555,上場インデックスファンド豪州リート（Ｓ＆Ｐ／ＡＳＸ２００　Ａ－ＲＥＩＴ）,N/A
155A,情報戦略テクノロジー,情報技術
1557,Ｓｔａｔｅ　Ｓｔｒｅｅｔ　ＳＰＤＲ　Ｓ＆Ｐ　５００　ＥＴＦ,N/A
1559,ＮＥＸＴ　ＦＵＮＤＳ　タイ株式ＳＥＴ５０指数連動型上場投信,N/A
1560,ＮＥＸＴ　ＦＵＮＤＳ　ＦＴＳＥブルサ・マレーシアＫＬＣＩ連動型上場投信,N/A
1566,上場インデックスファンド新興国債券,N/A
1563,東証グロース・コアＥＴＦ,N/A
1568,ＴＯＰＩＸブル２倍上場投信,N/A
1569,ＴＯＰＩＸベア上場投信,N/A
156A,マテリアルグループ,コミュニケーション・サービス
1570,ＮＥＸＴ　ＦＵＮＤＳ　日経平均レバレッジ・インデックス連動型上場投信,N/A
1571,ＮＥＸＴ　ＦＵＮＤＳ　日経平均インバース・インデックス連動型上場投信,N/A
1573,中国Ｈ株ベア上場投信,N/A
1577,ＮＥＸＴ　ＦＵＮＤＳ　野村日本株高配当７０連動型上場投信,N/A
1578,上場インデックスファンド日経２２５（ミニ）,N/A
1572,中国Ｈ株ブル２倍上場投信,N/A
1585,ｉＦｒｅｅＥＴＦ　ＴＯＰＩＸ　Ｅｘ－Ｆｉｎａｎｃｉａｌｓ,N/A
157A,グリーンモンスター,情報技術
1579,日経平均ブル２倍上場投信,N/A
1580,日経平均ベア上場投信,N/A
158A,エクセリ,N/A
1591,ＮＥＸＴ　ＦＵＮＤＳ　ＪＰＸ日経インデックス４００連動型上場投信,N/A
1586,上場インデックスファンドＴＯＰＩＸ　Ｅｘ－Ｆｉｎａｎｃｉａｌｓ,N/A
1592,上場インデックスファンドＪＰＸ日経インデックス４００,N/A
1593,ＭＡＸＩＳ　ＪＰＸ日経インデックス４００上場投信,N/A
1595,ＮＺＡＭ　上場投信　東証ＲＥＩＴ指数,N/A
1597,ＭＡＸＩＳ　Ｊリート上場投信,N/A
1596,ＮＺＡＭ　上場投信　ＴＯＰＩＸ　Ｅｘ－Ｆｉｎａｎｃｉａｌｓ,N/A
160A,アズパートナーズ,資本財
159A,ＮＥＸＴ　ＦＵＮＤＳ　ＪＰＸプライム１５０指数連動型上場投信,N/A
1605,ＩＮＰＥＸ,エネルギー
1599,ｉＦｒｅｅＥＴＦ　ＪＰＸ日経４００,N/A
1617,ＮＥＸＴ　ＦＵＮＤＳ　食品（ＴＯＰＩＸ－１７）上場投信,N/A
1618,ＮＥＸＴ　ＦＵＮＤＳ　エネルギー資源（ＴＯＰＩＸ－１７）上場投信,N/A
1615,ＮＥＸＴ　ＦＵＮＤＳ　東証銀行業株価指数連動型上場投信,N/A
1619,ＮＥＸＴ　ＦＵＮＤＳ　建設・資材（ＴＯＰＩＸ－１７）上場投信,N/A
161A,三葉,N/A
1622,ＮＥＸＴ　ＦＵＮＤＳ　自動車・輸送機（ＴＯＰＩＸ－１７）上場投信,N/A
1620,ＮＥＸＴ　ＦＵＮＤＳ　素材・化学（ＴＯＰＩＸ－１７）上場投信,N/A
1621,ＮＥＸＴ　ＦＵＮＤＳ　医薬品（ＴＯＰＩＸ－１７）上場投信,N/A
1623,ＮＥＸＴ　ＦＵＮＤＳ　鉄鋼・非鉄（ＴＯＰＩＸ－１７）上場投信,N/A
1626,ＮＥＸＴ　ＦＵＮＤＳ　情報通信・サービスその他（ＴＯＰＩＸ－１７）上場投信,N/A
1625,ＮＥＸＴ　ＦＵＮＤＳ　電機・精密（ＴＯＰＩＸ－１７）上場投信,N/A
1624,ＮＥＸＴ　ＦＵＮＤＳ　機械（ＴＯＰＩＸ－１７）上場投信,N/A
1627,ＮＥＸＴ　ＦＵＮＤＳ　電力・ガス（ＴＯＰＩＸ－１７）上場投信,N/A
162A,ＡＩセレクトメガトレンド　日本株（ネットリターン）ＥＴＮ,N/A
1628,ＮＥＸＴ　ＦＵＮＤＳ　運輸・物流（ＴＯＰＩＸ－１７）上場投信,N/A
1629,ＮＥＸＴ　ＦＵＮＤＳ　商社・卸売（ＴＯＰＩＸ－１７）上場投信,N/A
1630,ＮＥＸＴ　ＦＵＮＤＳ　小売（ＴＯＰＩＸ－１７）上場投信,N/A
1631,ＮＥＸＴ　ＦＵＮＤＳ　銀行（ＴＯＰＩＸ－１７）上場投信,N/A
1633,ＮＥＸＴ　ＦＵＮＤＳ　不動産（ＴＯＰＩＸ－１７）上場投信,N/A
1632,ＮＥＸＴ　ＦＵＮＤＳ　金融（除く銀行）（ＴＯＰＩＸ－１７）上場投信,N/A
163A,半導体フォーカス　日本株（ネットリターン）ＥＴＮ,N/A
164A,アップルパーク,N/A
1651,ｉＦｒｅｅＥＴＦ　ＴＯＰＩＸ高配当４０指数,N/A
1652,ｉＦｒｅｅＥＴＦ　ＭＳＣＩ日本株女性活躍指数（ＷＩＮ）,N/A
1653,ｉＦｒｅｅＥＴＦ　ＭＳＣＩジャパンＥＳＧセレクト・リーダーズ指数,N/A
1654,ｉＦｒｅｅＥＴＦ　ＦＴＳＥ　ＪＰＸ　Ｂｌｏｓｓｏｍ　Ｊａｐａｎ　Ｉｎｄｅｘ,N/A
1656,ｉシェアーズ・コア　米国債７－１０年　ＥＴＦ,N/A
1655,ｉシェアーズ　Ｓ＆Ｐ　５００　米国株　ＥＴＦ,N/A
1657,ｉシェアーズ・コア　ＭＳＣＩ　先進国株（除く日本）ＥＴＦ,N/A
1658,ｉシェアーズ・コア　ＭＳＣＩ　新興国株　ＥＴＦ,N/A
1659,ｉシェアーズ　米国リート　ＥＴＦ,N/A
1660,ＭＡＸＩＳ高利回りＪリート上場投信,N/A
1662,石油資源開発,エネルギー
1663,Ｋ＆Ｏエナジーグループ,公益事業
166A,タスキホールディングス,情報技術
1673,ＷｉｓｄｏｍＴｒｅｅ　銀上場投資信託,N/A
1671,ＷＴＩ原油価格連動型上場投信,N/A
1672,ＷｉｓｄｏｍＴｒｅｅ　金上場投資信託,N/A
1674,ＷｉｓｄｏｍＴｒｅｅ　白金上場投資信託,N/A
1675,ＷｉｓｄｏｍＴｒｅｅ　パラジウム上場投資信託,N/A
1676,ＷｉｓｄｏｍＴｒｅｅ　貴金属バスケット上場投資信託,N/A
1677,上場インデックスファンド海外債券（ＦＴＳＥ　ＷＧＢＩ）毎月分配型,N/A
1678,ＮＥＸＴ　ＦＵＮＤＳ　インド株式指数・Ｎｉｆｔｙ　５０　連動型上場投信,N/A
1679,Ｓｉｍｐｌｅ－Ｘ　ＮＹ　ダウ・ジョーンズ・インデックス上場投信,N/A
1680,上場インデックスファンド海外先進国株式（ＭＳＣＩ－ＫＯＫＵＳＡＩ）,N/A
167A,リョーサン菱洋ホールディングス,情報技術
1681,上場インデックスファンド海外新興国株式（ＭＳＣＩ　エマージング）,N/A
1684,ＷｉｓｄｏｍＴｒｅｅ　ブロード上場投資信託,N/A
1686,ＷｉｓｄｏｍＴｒｅｅ　産業用金属上場投資信託,N/A
1685,ＷｉｓｄｏｍＴｒｅｅ　エネルギー上場投資信託,N/A
1687,ＷｉｓｄｏｍＴｒｅｅ　農産物上場投資信託,N/A
1688,ＷｉｓｄｏｍＴｒｅｅ　穀物上場投資信託,N/A
1689,ＷｉｓｄｏｍＴｒｅｅ　天然ガス上場投資信託,N/A
168A,イタミアート,コミュニケーション・サービス
1690,ＷｉｓｄｏｍＴｒｅｅ　ＷＴＩ　原油上場投資信託,N/A
1691,ＷｉｓｄｏｍＴｒｅｅ　ガソリン上場投資信託,N/A
1692,ＷｉｓｄｏｍＴｒｅｅ　アルミニウム上場投資信託,N/A
1693,ＷｉｓｄｏｍＴｒｅｅ　銅上場投資信託,N/A
1694,ＷｉｓｄｏｍＴｒｅｅ　ニッケル上場投資信託,N/A
1695,ＷｉｓｄｏｍＴｒｅｅ　小麦上場投資信託,N/A
1696,ＷｉｓｄｏｍＴｒｅｅ　とうもろこし上場投資信託,N/A
1697,ＷｉｓｄｏｍＴｒｅｅ　大豆上場投資信託,N/A
1698,上場インデックスファンド日本高配当（東証配当フォーカス１００）,N/A
1699,ＮＥＸＴ　ＦＵＮＤＳ　ＮＯＭＵＲＡ　原油インデックス連動型上場投信,N/A
170A,ＳＭＴ　ＥＴＦ日本好配当株アクティブ,N/A
1716,第一カッター興業,資本財
1711,ＳＤＳホールディングス,公益事業
1718,美樹工業,資本財
1717,明豊ファシリティワークス,資本財
171A,ゼロジャパン,資本財
1719,安藤・間,資本財
1720,東急建設,資本財
1721,コムシスホールディングス,資本財
1723,日本電技,情報技術
1724,シンクレイヤ,情報技術
1726,ビーアールホールディングス,資本財
172A,ネオホーム,N/A
173A,ハンモック,情報技術
1758,太洋基礎工業,資本財
1736,オーテック,資本財
175A,Ｗｉｌｌ　Ｓｍａｒｔ,情報技術
1764,工藤建設,資本財
1766,東建コーポレーション,不動産
1762,高松コンストラクショングループ,資本財
1768,ソネック,資本財
1773,ワイ・ティー・エル・コーポレーション・バーハッド,公益事業
1770,藤田エンジニアリング,資本財
1776,三井住建道路,資本財
177A,コージンバイオ,ヘルスケア
1780,ヤマウラ,資本財
1786,オリエンタル白石,資本財
1783,ｆａｎｔａｓｉｓｔａ,不動産
1787,ナカボーテック,資本財
178A,グローバルＸ　革新的優良企業　ＥＴＦ,N/A
1788,三東工業社,資本財
1793,大本組,資本財
1795,マサル,資本財
1798,守谷商会,資本財
179A,グローバルＸ　超長期米国債　ＥＴＦ（為替ヘッジあり）,N/A
1799,第一建設工業,資本財
1801,大成建設,資本財
1803,清水建設,資本財
1802,大林組,資本財
1807,佐藤渡辺,資本財
1808,長谷工コーポレーション,一般消費財
180A,グローバルＸ　超長期米国債　ＥＴＦ,N/A
1810,松井建設,資本財
1811,錢高組,資本財
1812,鹿島建設,資本財
1814,大末建設,不動産
1813,不動テトラ,資本財
1815,鉄建建設,資本財
181A,ＭＡＸＩＳ米国国債１－３年上場投信（為替ヘッジなし）,N/A
1820,西松建設,資本財
1822,大豊建設,資本財
1826,佐田建設,資本財
1827,ナカノフドー建設,資本財
1828,田辺工業,資本財
1833,奥村組,資本財
182A,ＭＡＸＩＳ米国国債２０年超上場投信（為替ヘッジなし）,N/A
1835,東鉄工業,資本財
183A,ＭＡＸＩＳ米国国債２０年超上場投信（為替ヘッジあり）,N/A
1840,土屋ホールディングス,一般消費財
1847,イチケン,不動産
1841,サンユー建設,資本財
1844,大盛工業,資本財
1848,富士ピー・エス,資本財
184A,学びエイド,N/A
1850,南海辰村建設,資本財
1852,淺沼組,資本財
185A,リサイクルテック・ジャパン,N/A
1853,森組,資本財
1860,戸田建設,資本財
1861,熊谷組,資本財
1866,北野建設,資本財
186A,アストロスケールホールディングス,資本財
1867,植木組,資本財
1870,矢作建設工業,資本財
1871,ピーエス・コンストラクション,資本財
1873,日本ハウスホールディングス,一般消費財
1878,大東建託,不動産
1879,新日本建設,資本財
1885,東亜建設工業,資本財
1882,東亜道路工業,資本財
1887,日本国土開発,資本財
1888,若築建設,資本財
188A,グローバルＸ　インド・トップ１０＋　ＥＴＦ,N/A
1897,金下建設,資本財
1893,五洋建設,資本財
1898,世紀東急工業,資本財
189A,Ｄ＆Ｍカンパニー,ヘルスケア
1899,福田組,資本財
1904,大成温調,資本財
1905,テノックス,資本財
190A,Ｃｈｏｒｄｉａ　Ｔｈｅｒａｐｅｕｔｉｃｓ,ヘルスケア
1909,日本ドライケミカル,資本財
1911,住友林業,一般消費財
1921,巴コーポレーション,資本財
1914,日本基礎技術,資本財
191A,ミモザ,ヘルスケア
1925,大和ハウス工業,不動産
1928,積水ハウス,一般消費財
1929,日特建設,資本財
1926,ライト工業,資本財
192A,インテグループ,金融
1930,北陸電気工事,資本財
1934,ユアテック,資本財
1938,日本リーテック,資本財
1939,四電工,資本財
1944,きんでん,資本財
1941,中電工,資本財
1942,関電工,資本財
1945,東京エネシス,資本財
1949,住友電設,資本財
1946,トーエネック,資本財
194A,ＷＯＬＶＥＳ　ＨＡＮＤ,ヘルスケア
1948,弘電社,資本財
1952,新日本空調,資本財
1951,エクシオグループ,資本財
1950,日本電設工業,資本財
1959,クラフティア,資本財
195A,ＭＵＳＣＡＴ　ＧＲＯＵＰ,情報技術
1960,サンテック,資本財
1961,三機工業,資本財
1964,中外炉工業,資本財
1965,テクノ菱和,資本財
1963,日揮ホールディングス,資本財
1966,高田工業所,資本財
1968,太平電業,資本財
1967,ヤマト,資本財
196A,ＭＦＳ,金融
1969,高砂熱学工業,資本財
1975,朝日工業社,資本財
1979,大氣社,資本財
1976,明星工業,資本財
1972,三晃金属工業,資本財
197A,タウンズ,ヘルスケア
1981,協和日成,資本財
1980,ダイダン,資本財
198A,ＰｏｓｔＰｒｉｍｅ,情報技術
1982,日比谷総合設備,資本財
1994,高橋カーテンウォール工業,資本財
1992,神田通信機,情報技術
199A,メディエア,N/A
1997,暁飯島工業,資本財
2001,ニップン,生活必需品
2003,日東富士製粉,生活必需品
2002,日清製粉グループ本社,生活必需品
2004,昭和産業,生活必需品
2011,ＳＭＤＡＭ　Ａｃｔｉｖｅ　ＥＴＦ　日本高配当株式,N/A
200A,ＮＥＸＴ　ＦＵＮＤＳ　日経半導体株指数連動型上場投信,N/A
2012,ｉシェアーズ　米国債０－３ヶ月　ＥＴＦ,N/A
2009,鳥越製粉,生活必需品
2013,ｉシェアーズ　米国高配当株　ＥＴＦ,N/A
2015,ｉＦｒｅｅＥＴＦ　米国国債７－１０年（為替ヘッジなし）,N/A
2014,ｉシェアーズ　米国連続増配株　ＥＴＦ,N/A
2016,ｉＦｒｅｅＥＴＦ　米国国債７－１０年（為替ヘッジあり）,N/A
2017,ｉＦｒｅｅＥＴＦ　ＪＰＸプライム１５０,N/A
2019,グローバルＸ　米国優先証券　ＥＴＦ（隔月分配型）,N/A
2018,グローバルＸ　ＵＳ　ＲＥＩＴ・トップ２０　ＥＴＦ,N/A
201A,ｉシェアーズ　Ｎｉｆｔｙ　５０　インド株　ＥＴＦ,N/A
2031,ＮＥＸＴ　ＮＯＴＥＳ　香港ハンセン・ダブル・ブル　ＥＴＮ,N/A
202A,豆蔵,情報技術
2032,ＮＥＸＴ　ＮＯＴＥＳ　香港ハンセン・ベア　ＥＴＮ,N/A
2033,ＮＥＸＴ　ＮＯＴＥＳ　韓国ＫＯＳＰＩ・ダブル・ブル　ＥＴＮ,N/A
2034,ＮＥＸＴ　ＮＯＴＥＳ　韓国ＫＯＳＰＩ・ベア　ＥＴＮ,N/A
2038,ＮＥＸＴ　ＮＯＴＥＳ　ドバイ原油先物　ダブル・ブル　ＥＴＮ,N/A
2037,ＮＥＸＴ　ＮＯＴＥＳ　金先物　ベア　ＥＴＮ,N/A
2036,ＮＥＸＴ　ＮＯＴＥＳ　金先物　ダブル・ブル　ＥＴＮ,N/A
2039,ＮＥＸＴ　ＮＯＴＥＳ　ドバイ原油先物　ベア　ＥＴＮ,N/A
2042,ＮＥＸＴ　ＮＯＴＥＳ　東証グロース市場２５０　ＥＴＮ,N/A
2041,ＮＥＸＴ　ＮＯＴＥＳ　ＮＹダウ・ベア・ドルヘッジ　ＥＴＮ,N/A
2040,ＮＥＸＴ　ＮＯＴＥＳ　ＮＹダウ・ダブル・ブル・ドルヘッジ　ＥＴＮ,N/A
203A,シュンビン,資本財
2045,ＮＥＸＴ　ＮＯＴＥＳ　Ｓ＆Ｐ　シンガポール　リート（ネットリターン）　ＥＴＮ,N/A
2043,ＮＥＸＴ　ＮＯＴＥＳ　ＳＴＯＸＸ　アセアン好配当５０（円、ネットリターン）ＥＴＮ,N/A
2046,ＮＥＸＴ　ＮＯＴＥＳ　インドＮｉｆｔｙ・ダブル・ブル　ＥＴＮ,N/A
2044,ＮＥＸＴ　ＮＯＴＥＳ　Ｓ＆Ｐ５００　配当貴族（ネットリターン）　ＥＴＮ,N/A
2047,ＮＥＸＴ　ＮＯＴＥＳ　インドＮｉｆｔｙ・ベア　ＥＴＮ,N/A
2048,ＮＥＸＴ　ＮＯＴＥＳ　野村日本株高配当７０（ドルヘッジ、ネットリターン）ＥＴＮ,N/A
204A,タイヨーパッケージ,一般消費財
2050,ＮＥＸＴ　ＮＯＴＥＳ　ニッチトップ　中小型日本株（ネットリターン）ＥＴＮ,N/A
2053,中部飼料,生活必需品
2055,日和産業,生活必需品
205A,ロゴスホールディングス,一般消費財
2060,フィード・ワン,生活必需品
2065,ＮＥＸＴ　ＮＯＴＥＳ　日本株配当貴族（ドルヘッジ、ネットリターン）ＥＴＮ,N/A
2067,ＮＥＸＴ　ＮＯＴＥＳ　野村ＡＩビジネス７０（ネットリターン）ＥＴＮ,N/A
2068,ＮＥＸＴ　ＮＯＴＥＳ　高ベータ３０（ネットリターン）ＥＴＮ,N/A
2066,ＮＥＸＴ　ＮＯＴＥＳ　東証ＲＥＩＴ（ドルヘッジ、ネットリターン）ＥＴＮ,N/A
2069,ＮＥＸＴ　ＮＯＴＥＳ　低ベータ５０（ネットリターン）ＥＴＮ,N/A
206A,ＰＲＩＳＭ　ＢｉｏＬａｂ,ヘルスケア
2070,スマートＥＳＧ３０女性活躍（ネットリターン）ＥＴＮ,N/A
2071,スマートＥＳＧ３０総合（ネットリターン）ＥＴＮ,N/A
2072,トップシェアインデックス（ネットリターン）ＥＴＮ,N/A
2073,スマートＥＳＧ３０低カーボンリスク（ネットリターン）ＥＴＮ,N/A
207A,ライジングコーポレーション,N/A
2080,ＰＢＲ１倍割れ解消推進ＥＴＦ,N/A
2081,政策保有解消推進ＥＴＦ,N/A
2082,投資家経営者一心同体ＥＴＦ,N/A
2083,ＮＥＸＴ　ＦＵＮＤＳ　日本成長株アクティブ上場投信,N/A
2084,ＮＥＸＴ　ＦＵＮＤＳ　日本高配当株アクティブ上場投信,N/A
2085,ＭＡＸＩＳ高配当日本株アクティブ上場投信,N/A
2086,ＮＺＡＭ　上場投信　Ｓ＆Ｐ５００（為替ヘッジあり）,N/A
2088,ＮＺＡＭ　上場投信　ＮＹダウ３０（為替ヘッジあり）,N/A
2087,ＮＺＡＭ　上場投信　ＮＡＳＤＡＱ１００（為替ヘッジあり）,N/A
2089,ＮＺＡＭ　上場投信　ＤＡＸ（為替ヘッジあり）,N/A
2090,ＮＺＡＭ　上場投信　米国国債７－１０年（為替ヘッジあり）,N/A
208A,構造計画研究所ホールディングス,資本財
2091,ＮＺＡＭ　上場投信　ドイツ国債７－１０年（為替ヘッジあり）,N/A
2094,東証ＲＥＩＴインバースＥＴＦ,N/A
2092,ＮＺＡＭ　上場投信　フランス国債７－１０年（為替ヘッジあり）,N/A
2093,上場Ｔｒａｃｅｒｓ　米国債０－２年ラダー（為替ヘッジなし）,N/A
2095,グローバルＸ　Ｓ＆Ｐ５００配当貴族　ＥＴＦ（為替ヘッジあり）,N/A
2096,グローバルＸ　オフィス・Ｊ－ＲＥＩＴ　ＥＴＦ,N/A
2097,グローバルＸ　レジデンシャル・Ｊ－ＲＥＩＴ　ＥＴＦ,N/A
2098,グローバルＸ　ホテル＆リテール・Ｊ－ＲＥＩＴ　ＥＴＦ,N/A
209A,小野谷機工,一般消費財
2109,ＤＭ三井製糖,生活必需品
2108,日本甜菜製糖,生活必需品
210A,ｉＦｒｅｅＥＴＦ　日経高利回りＲＥＩＴ指数,N/A
2112,塩水港精糖,生活必需品
2117,ウェルネオシュガー,生活必需品
2114,フジ日本,生活必需品
211A,カドス・コーポレーション,資本財
2120,ＬＩＦＵＬＬ,コミュニケーション・サービス
2122,インタースペース,コミュニケーション・サービス
2121,ＭＩＸＩ,コミュニケーション・サービス
2124,ジェイエイシーリクルートメント,資本財
2127,日本Ｍ＆Ａセンターホールディングス,金融
212A,フィットイージー,一般消費財
2130,メンバーズ,コミュニケーション・サービス
2134,北浜キャピタルパートナーズ,金融
2136,ヒップ,資本財
2138,クルーズ,情報技術
213A,上場インデックスファンド日経半導体株,N/A
2139,中広,コミュニケーション・サービス
2146,ＵＴグループ,資本財
2148,アイティメディア,コミュニケーション・サービス
2153,Ｅ・Ｊホールディングス,資本財
2152,幼児活動研究会,生活必需品
2154,オープンアップグループ,資本財
2156,セーラー広告,コミュニケーション・サービス
2157,コシダカホールディングス,一般消費財
2158,ＦＲＯＮＴＥＯ,情報技術
215A,タイミー,資本財
2160,ジーエヌアイグループ,ヘルスケア
2162,ｎｍｓ　ホールディングス,情報技術
2163,アルトナー,資本財
2164,地域新聞社,コミュニケーション・サービス
2168,パソナグループ,資本財
2169,ＣＤＳ,情報技術
216A,ライフクリエイト,一般消費財
2170,リンクアンドモチベーション,資本財
2173,博展,コミュニケーション・サービス
2175,エス・エム・エス,ヘルスケア
217A,サポート,資本財
2179,成学社,生活必需品
2180,サニーサイドアップグループ,コミュニケーション・サービス
2181,パーソルホールディングス,資本財
2183,リニカル,ヘルスケア
2186,ソーバル,情報技術
2185,シイエム・シイ,情報技術
218A,Ｌｉｂｅｒａｗａｒｅ,情報技術
2193,クックパッド,コミュニケーション・サービス
2195,アミタホールディングス,資本財
2198,アイ・ケイ・ケイホールディングス,一般消費財
219A,Ｈｅａｒｔｓｅｅｄ,ヘルスケア
2196,エスクリ,一般消費財
2201,森永製菓,生活必需品
2207,ｍｅｉｔｏ,生活必需品
2206,江崎グリコ,生活必需品
2204,中村屋,生活必需品
2208,ブルボン,生活必需品
220A,Ｆａｂｅｒ　Ｃｏｍｐａｎｙ,情報技術
2209,井村屋グループ,生活必需品
2211,不二家,生活必需品
2212,山崎製パン,生活必需品
2215,第一屋製パン,生活必需品
221A,ＭＡＸＩＳ日経半導体株上場投信,N/A
2217,モロゾフ,生活必需品
2216,カンロ,生活必需品
2222,寿スピリッツ,生活必需品
2220,亀田製菓,生活必需品
2224,コモ,生活必需品
2221,岩塚製菓,生活必需品
2226,湖池屋,生活必需品
2235,上場インデックスファンド米国株式（ダウ平均）為替ヘッジなし,N/A
222A,ＮＩＣＳ,情報技術
2229,カルビー,生活必需品
2236,グローバルＸ　Ｓ＆Ｐ５００配当貴族ＥＴＦ,N/A
2237,ｉＦｒｅｅＥＴＦ　Ｓ＆Ｐ５００レバレッジ,N/A
2238,ｉＦｒｅｅＥＴＦ　Ｓ＆Ｐ５００インバース,N/A
2239,上場インデックスファンドＳ＆Ｐ５００先物レバレッジ２倍,N/A
223A,グローバルＸ　ＡＩ＆ビッグデータ　ＥＴＦ,N/A
2241,ＭＡＸＩＳ　ＮＹダウ上場投信,N/A
2240,上場インデックスファンドＳ＆Ｐ５００先物インバース,N/A
2242,ＭＡＸＩＳ　ＮＹダウ上場投信（為替ヘッジあり）,N/A
2243,グローバルＸ　半導体　ＥＴＦ,N/A
2245,ＮＥＸＴ　ＦＵＮＤＳ　ブルームバーグ・ドイツ国債（７－１０年）インデックス（為替ヘッジあり）連動型上場投信,N/A
2244,グローバルＸ　ＵＳ　テック・トップ２０　ＥＴＦ,N/A
2246,ＮＥＸＴ　ＦＵＮＤＳ　ブルームバーグ・フランス国債（７－１０年）インデックス（為替ヘッジあり）連動型上場投信,N/A
2247,ｉＦｒｅｅＥＴＦ　Ｓ＆Ｐ５００（為替ヘッジなし）,N/A
2248,ｉＦｒｅｅＥＴＦ　Ｓ＆Ｐ５００（為替ヘッジあり）,N/A
2249,ｉＦｒｅｅＥＴＦ　Ｓ＆Ｐ５００ダブルインバース,N/A
224A,グローバルＸ　ウラニウムビジネス　ＥＴＦ,N/A
2251,ＮＥＸＴ　ＦＵＮＤＳ　ＪＰＸ国債先物ダブルインバース指数連動型上場投信,N/A
2250,ｉシェアーズ　ＭＳＣＩ　ジャパン気候変動アクション　ＥＴＦ,N/A
2252,グローバルＸ　Ｍｏｒｎｉｎｇｓｔａｒ　米国中小型　Ｍｏａｔ　ＥＴＦ,N/A
2253,グローバルＸ　スーパーディビィデンド－ＵＳ　ＥＴＦ,N/A
2254,グローバルＸ　チャイナＥＶ＆バッテリー　ＥＴＦ,N/A
2255,ｉシェアーズ　米国債２０年超　ＥＴＦ,N/A
2256,ｉシェアーズ　米国総合債券　ＥＴＦ,N/A
2257,ｉシェアーズ　米ドル建て投資適格社債　ＥＴＦ,N/A
2258,ｉシェアーズ　米ドル建てハイイールド社債　ＥＴＦ,N/A
2259,ｉシェアーズ　フランス国債７－１０年　ＥＴＦ（為替ヘッジあり）,N/A
2264,森永乳業,生活必需品
2266,六甲バター,生活必需品
2267,ヤクルト本社,生活必需品
2268,Ｂ－Ｒ　サーティワン　アイスクリーム,生活必需品
227A,ＩＮＳＩＧＨＴ　ＬＡＢ,情報技術
2269,明治ホールディングス,生活必需品
226A,勝美ジャパン,生活必需品
2270,雪印メグミルク,生活必需品
2288,丸大食品,生活必需品
2286,林兼産業,生活必需品
2281,プリマハム,生活必需品
2282,日本ハム,生活必需品
228A,オプロ,情報技術
2291,福留ハム,生活必需品
2292,Ｓ　Ｆｏｏｄｓ,生活必需品
2293,滝沢ハム,生活必需品
2296,伊藤ハム米久ホールディングス,生活必需品
2294,柿安本店,生活必需品
229A,アスミホールディングス,資本財
2300,きょくとう,一般消費財
2301,学情,資本財
2304,ＣＳＳホールディングス,資本財
2303,ドーン,情報技術
2305,スタジオアリス,一般消費財
2311,エプコ,資本財
2307,クロスキャット,情報技術
2315,ＣＡＩＣＡ　ＤＩＧＩＴＡＬ,情報技術
2317,システナ,情報技術
2321,ソフトフロントホールディングス,情報技術
2323,ｆｏｎｆｕｎ,情報技術
2326,デジタルアーツ,情報技術
2325,ＮＪＳ,資本財
2327,日鉄ソリューションズ,情報技術
2329,東北新社,コミュニケーション・サービス
2330,フォーサイド,一般消費財
2331,ＡＬＳＯＫ,資本財
2332,クエスト,情報技術
2334,イオレ,情報技術
233A,ｉＦｒｅｅＥＴＦ　インドＮｉｆｔｙ５０,N/A
2335,キューブシステム,情報技術
2338,クオンタムソリューションズ,情報技術
2337,いちご,不動産
2342,トランスジェニックグループ,ヘルスケア
2341,アルバイトタイムス,コミュニケーション・サービス
2340,極楽湯ホールディングス,一般消費財
2344,平安レイサービス,一般消費財
2345,クシム,情報技術
234A,グローバルＸ　ＭＳＣＩ　キャッシュフローキング－日本株式　ＥＴＦ,N/A
2349,エヌアイデイ,情報技術
2351,ＡＳＪ,情報技術
2354,ＹＥ　ＤＩＧＩＴＡＬ,情報技術
2353,日本駐車場開発,資本財
235A,グローバルＸ　高配当３０－日本株式　ＥＴＦ,N/A
2359,コア,情報技術
2373,ケア２１,ヘルスケア
236A,ｉシェアーズ　日本国債７－１０年　ＥＴＦ,N/A
2370,メディネット,ヘルスケア
2371,カカクコム,コミュニケーション・サービス
2374,セントケア・ホールディング,ヘルスケア
2376,サイネックス,コミュニケーション・サービス
2375,ギグワークス,情報技術
2378,ルネサンス,コミュニケーション・サービス
2379,ディップ,コミュニケーション・サービス
2384,ＳＢＳホールディングス,資本財
237A,ｉシェアーズ　米国債２５年超　ロングデュレーション　ＥＴＦ,N/A
2385,総医研ホールディングス,ヘルスケア
238A,ｉシェアーズ　米国債２５年超　ロングデュレーション　ＥＴＦ（為替ヘッジあり）,N/A
2388,ウェッジホールディングス,資本財
2389,デジタルホールディングス,コミュニケーション・サービス
2391,プラネット,情報技術
2393,日本ケアサプライ,資本財
2395,新日本科学,ヘルスケア
239A,バレッグス,不動産
2404,鉄人化ホールディングス,一般消費財
2408,ＫＧ情報,コミュニケーション・サービス
2411,ゲンダイエージェンシー,コミュニケーション・サービス
2410,キャリアデザインセンター,資本財
2413,エムスリー,ヘルスケア
2415,ヒューマンホールディングス,生活必需品
2418,ツカダ・グローバルホールディング,一般消費財
2424,ブラス,一般消費財
241A,ＲＯＸＸ,情報技術
2425,ケアサービス,ヘルスケア
2428,ウェルネット,情報技術
2429,ワールドホールディングス,資本財
2432,ディー・エヌ・エー,資本財
2433,博報堂ＤＹホールディングス,コミュニケーション・サービス
2435,シダー,ヘルスケア
2436,共同ピーアール,コミュニケーション・サービス
2437,Ｓｈｉｎｗａ　Ｗｉｓｅ　Ｈｏｌｄｉｎｇｓ,一般消費財
2438,アスカネット,一般消費財
243A,トップス,一般消費財
2440,ぐるなび,コミュニケーション・サービス
2445,タカミヤ,資本財
2449,プラップジャパン,資本財
2452,コンピュータマインド,N/A
244A,グロースエクスパートナーズ,情報技術
2454,オールアバウト,コミュニケーション・サービス
2459,アウンコンサルティング,コミュニケーション・サービス
245A,ＩＮＧＳ,一般消費財
2461,ファンコミュニケーションズ,コミュニケーション・サービス
2464,Ａｏｂａ‐ＢＢＴ,生活必需品
2462,ライク,資本財
2469,ヒビノ,情報技術
246A,アスア,資本財
2477,手間いらず,コミュニケーション・サービス
2475,ＷＤＢホールディングス,資本財
2471,エスプール,資本財
2479,ジェイテック,情報技術
247A,Ａｉロボティクス,生活必需品
2481,タウンニュース社,コミュニケーション・サービス
2480,システム・ロケーション,資本財
2483,翻訳センター,資本財
2484,出前館,一般消費財
2485,ティア,一般消費財
2488,ＪＴＰ,情報技術
2489,アドウェイズ,コミュニケーション・サービス
248A,キッズスター,情報技術
2491,バリューコマース,コミュニケーション・サービス
2492,インフォマート,情報技術
2497,ユナイテッド,情報技術
2498,オリエンタルコンサルタンツホールディングス,資本財
2493,イーサポートリンク,情報技術
2499,日本和装ホールディングス,資本財
249A,ヒューマンアジャスト,資本財
2501,サッポロホールディングス,生活必需品
2502,アサヒグループホールディングス,生活必需品
2503,キリンホールディングス,生活必需品
250A,シマダヤ,生活必需品
2511,ＮＥＸＴ　ＦＵＮＤＳ　外国債券・ＦＴＳＥ世界国債インデックス（除く日本・為替ヘッジなし）連動型上場投信,N/A
2510,ＮＥＸＴ　ＦＵＮＤＳ　国内債券・ＮＯＭＵＲＡ－ＢＰＩ総合連動型上場投信,N/A
2512,ＮＥＸＴ　ＦＵＮＤＳ　外国債券・ＦＴＳＥ世界国債インデックス（除く日本・為替ヘッジあり）連動型上場投信,N/A
2513,ＮＥＸＴ　ＦＵＮＤＳ　外国株式・ＭＳＣＩ－ＫＯＫＵＳＡＩ指数（為替ヘッジなし）連動型上場投信,N/A
2514,ＮＥＸＴ　ＦＵＮＤＳ　外国株式・ＭＳＣＩ－ＫＯＫＵＳＡＩ指数（為替ヘッジあり）連動型上場投信,N/A
2515,ＮＥＸＴ　ＦＵＮＤＳ　外国ＲＥＩＴ・Ｓ＆Ｐ先進国ＲＥＩＴ指数（除く日本・為替ヘッジなし）連動型上場投信,N/A
2516,東証グロース２５０ＥＴＦ,N/A
2517,ＭＡＸＩＳ　Ｊリート・コア上場投信,N/A
2519,ＮＥＸＴ　ＦＵＮＤＳ　新興国債券・Ｊ．Ｐ．モルガン・エマージング・マーケット・ボンド・インデックス・プラス（為替ヘッジなし）連動型上場投信,N/A
2518,ＮＥＸＴ　ＦＵＮＤＳ　ＭＳＣＩ日本株女性活躍指数（セレクト）連動型上場投信,N/A
251A,ニューロマジック,情報技術
2520,ＮＥＸＴ　ＦＵＮＤＳ　新興国株式・ＭＳＣＩエマージング・マーケット・インデックス（為替ヘッジなし）連動型上場投信,N/A
2522,ｉシェアーズ　オートメーション　＆　ロボット　ＥＴＦ,N/A
2523,ＭＡＸＩＳトピックス（除く金融）上場投信,N/A
2521,上場インデックスファンド米国株式（Ｓ＆Ｐ５００）為替ヘッジあり,N/A
2524,ＮＺＡＭ　上場投信　ＴＯＰＩＸ,N/A
2525,ＮＺＡＭ　上場投信　日経２２５,N/A
2526,ＮＺＡＭ　上場投信　ＪＰＸ日経４００,N/A
2527,ＮＺＡＭ　上場投信　東証ＲＥＩＴ　Ｃｏｒｅ指数,N/A
2528,ｉＦｒｅｅＥＴＦ　東証ＲＥＩＴ　Ｃｏｒｅ指数,N/A
2529,ＮＥＸＴ　ＦＵＮＤＳ　野村株主還元７０連動型上場投信,N/A
252A,ウェッジ,情報技術
2530,ＭＡＸＩＳ　ＨｕａＡｎ中国株式（上海１８０Ａ株）上場投信,N/A
2531,宝ホールディングス,生活必需品
2533,オエノンホールディングス,生活必需品
253A,ＥＴＳグループ,資本財
254A,ＡＩフュージョンキャピタルグループ,金融
2552,上場インデックスファンドＪリート（東証ＲＥＩＴ指数）隔月分配型（ミニ）,N/A
2540,養命酒製造,生活必需品
2554,ＮＥＸＴ　ＦＵＮＤＳ　ブルームバーグ米国投資適格社債（１－１０年）インデックス（為替ヘッジあり）連動型上場投信,N/A
2555,東証ＲＥＩＴ　ＥＴＦ,N/A
2553,Ｏｎｅ　ＥＴＦ　南方　中国Ａ株　ＣＳＩ５００,N/A
2556,Ｏｎｅ　ＥＴＦ　東証ＲＥＩＴ指数,N/A
2558,ＭＡＸＩＳ米国株式（Ｓ＆Ｐ５００）上場投信,N/A
2557,ＳＭＤＡＭ　トピックス上場投信,N/A
2559,ＭＡＸＩＳ全世界株式（オール・カントリー）上場投信,N/A
255A,ジーエルテクノホールディングス,情報技術
2560,ＭＡＸＩＳカーボン・エフィシェント日本株上場投信,N/A
2561,ｉシェアーズ・コア　日本国債　ＥＴＦ,N/A
2562,上場インデックスファンド米国株式（ダウ平均）為替ヘッジあり,N/A
2563,ｉシェアーズ　Ｓ＆Ｐ　５００　米国株　ＥＴＦ（為替ヘッジあり）,N/A
2564,グローバルＸ　ＭＳＣＩスーパーディビィデンド－日本株式　ＥＴＦ,N/A
2565,グローバルＸ　ロジスティクス・Ｊ－ＲＥＩＴ　ＥＴＦ,N/A
2566,上場インデックスファンド日経ＥＳＧリート,N/A
2567,ＮＺＡＭ　上場投信　Ｓ＆Ｐ／ＪＰＸカーボン・エフィシェント指数,N/A
2568,上場インデックスファンド米国株式（ＮＡＳＤＡＱ１００）為替ヘッジなし,N/A
2569,上場インデックスファンド米国株式（ＮＡＳＤＡＱ１００）為替ヘッジあり,N/A
256A,飛島ホールディングス,資本財
2573,北海道コカ・コーラボトリング,生活必需品
257A,ＳＭＴ　ＥＴＦ日本株厳選投資アクティブ,N/A
2585,ライフドリンク　カンパニー,生活必需品
2579,コカ・コーラ　ボトラーズジャパンホールディングス,生活必需品
2586,フルッタフルッタ,生活必需品
2587,サントリー食品インターナショナル,生活必需品
258A,ＳＭＴ　ＥＴＦ国内リート厳選投資アクティブ,N/A
2588,プレミアムウォーターホールディングス,公益事業
2590,ダイドーグループホールディングス,生活必需品
25935,ベルーナ,生活必需品
2593,伊藤園,生活必需品
2594,キーコーヒー,生活必需品
2597,ユニカフェ,生活必需品
2607,不二製油,生活必需品
2602,日清オイリオグループ,生活必需品
2613,Ｊ－オイルミルズ,生活必需品
2612,かどや製油,生活必需品
261A,日水コン,資本財
2620,ｉシェアーズ　米国債１－３年　ＥＴＦ,N/A
2621,ｉシェアーズ　米国債２０年超　ＥＴＦ（為替ヘッジあり）,N/A
2622,ｉシェアーズ　米ドル建て新興国債券　ＥＴＦ（為替ヘッジあり）,N/A
2623,ｉシェアーズ　ユーロ建て投資適格社債　ＥＴＦ（為替ヘッジあり）,N/A
2624,ｉＦｒｅｅＥＴＦ　日経２２５（年４回決算型）,N/A
2625,ｉＦｒｅｅＥＴＦ　ＴＯＰＩＸ（年４回決算型）,N/A
2626,グローバルＸ　デジタル・イノベーション－日本株式　ＥＴＦ,N/A
2627,グローバルＸ　ｅコマース－日本株式　ＥＴＦ,N/A
2628,ｉＦｒｅｅＥＴＦ　中国科創板５０（ＳＴＡＲ５０）,N/A
2630,ＭＡＸＩＳ米国株式（Ｓ＆Ｐ５００）上場投信（為替ヘッジあり）,N/A
262A,インターメスティック,ヘルスケア
2631,ＭＡＸＩＳナスダック１００上場投信,N/A
2629,ｉＦｒｅｅＥＴＦ　中国グレーターベイエリア・イノベーション１００（ＧＢＡ１００）,N/A
2633,ＮＥＸＴ　ＦＵＮＤＳ　Ｓ＆Ｐ　５００　指数（為替ヘッジなし）連動型上場投信,N/A
2632,ＭＡＸＩＳナスダック１００上場投信（為替ヘッジあり）,N/A
2636,グローバルＸ　ＭＳＣＩ　ガバナンス・クオリティ－日本株式　ＥＴＦ,N/A
2634,ＮＥＸＴ　ＦＵＮＤＳ　Ｓ＆Ｐ　５００　指数（為替ヘッジあり）連動型上場投信,N/A
2637,グローバルＸ　クリーンテック－日本株式　ＥＴＦ,N/A
263A,デジタルキューブ,情報技術
2638,グローバルＸ　ロボティクス＆ＡＩ－日本株式　ＥＴＦ,N/A
2639,グローバルＸ　バイオ＆メドテック－日本株式　ＥＴＦ,N/A
2640,グローバルＸ　ゲーム＆アニメ－日本株式　ＥＴＦ,N/A
2641,グローバルＸ　グローバルリーダーズ－日本株式　ＥＴＦ,N/A
2642,ＳＭＴ　ＥＴＦカーボン・エフィシェント日本株,N/A
2643,ＮＥＸＴ　ＦＵＮＤＳ　ＭＳＣＩジャパンカントリー指数（セレクト）連動型上場投信,N/A
2644,グローバルＸ　半導体関連－日本株式　ＥＴＦ,N/A
2647,ＮＥＸＴ　ＦＵＮＤＳ　ブルームバーグ米国国債（７－１０年）インデックス（為替ヘッジなし）連動型上場投信,N/A
2645,グローバルＸ　レジャー＆エンターテインメント－日本株式　ＥＴＦ,N/A
2646,グローバルＸ　メタルビジネス－日本株式　ＥＴＦ,N/A
2648,ＮＥＸＴ　ＦＵＮＤＳ　ブルームバーグ米国国債（７－１０年）インデックス（為替ヘッジあり）連動型上場投信,N/A
264A,Ｓｃｈｏｏ,N/A
2649,ｉシェアーズ　米国政府系機関ジニーメイＭＢＳ　ＥＴＦ（為替ヘッジあり）,N/A
2652,まんだらけ,一般消費財
2653,イオン九州,一般消費財
2656,ベクターホールディングス,コミュニケーション・サービス
2654,アスモ,生活必需品
2659,サンエー,一般消費財
265A,Ｈｍｃｏｍｍ,情報技術
2664,カワチ薬品,ヘルスケア
2667,イメージ　ワン,情報技術
2666,オートウェーブ,一般消費財
2668,タビオ,一般消費財
266A,グローカルマーケティング,資本財
2670,エービーシー・マート,一般消費財
2669,カネ美食品,生活必需品
2673,夢みつけ隊,一般消費財
2674,ハードオフコーポレーション,一般消費財
2678,アスクル,一般消費財
2676,高千穂交易,資本財
267A,トワライズ,資本財
2683,魚喜,生活必需品
2681,ゲオホールディングス,一般消費財
2686,ジーフット,一般消費財
2685,アンドエスティＨＤ,一般消費財
2689,オルバヘルスケアホールディングス,ヘルスケア
2687,シー・ヴイ・エス・ベイエリア,生活必需品
268A,リガク・ホールディングス,情報技術
2692,伊藤忠食品,生活必需品
2693,ＹＫＴ,資本財
2694,焼肉坂井ホールディングス,一般消費財
2698,キャンドゥ,生活必需品
269A,Ｓａｐｅｅｔ,情報技術
2695,くら寿司,一般消費財
2702,日本マクドナルドホールディングス,一般消費財
2700,木徳神糧,生活必需品
2705,大戸屋ホールディングス,一般消費財
2708,久世,生活必需品
271A,アクセリア,情報技術
2721,ジェイホールディングス,不動産
2722,ＩＫホールディングス,生活必需品
2726,パルグループホールディングス,一般消費財
2730,エディオン,一般消費財
2733,あらた,一般消費財
2734,サーラコーポレーション,資本財
2735,ワッツ,生活必需品
2736,フェスタリアホールディングス,一般消費財
273A,ＳＢＩ　サウジアラビア株式上場投信,N/A
2742,ハローズ,生活必需品
2737,トーメンデバイス,情報技術
2747,北雄ラッキー,生活必需品
274A,ガーデン,一般消費財
2749,ＪＰホールディングス,資本財
2750,石光商事,生活必需品
2751,テンポスホールディングス,一般消費財
2752,フジオフードグループ本社,一般消費財
2753,あみやき亭,一般消費財
2762,ＳＡＮＫＯ　ＭＡＲＫＥＴＩＮＧ　ＦＯＯＤＳ,一般消費財
2760,東京エレクトロン　デバイス,情報技術
2764,ひらまつ,一般消費財
2763,エフティグループ,情報技術
2767,円谷フィールズホールディングス,一般消費財
2768,双日,資本財
276A,ククレブ・アドバイザーズ,情報技術
2769,ヴィレッジヴァンガードコーポレーション,一般消費財
2776,新都ホールディングス,一般消費財
277A,グロービング,資本財
2778,パレモ・ホールディングス,一般消費財
2780,コメ兵ホールディングス,不動産
2782,セリア,生活必需品
2788,アップルインターナショナル,一般消費財
2784,アルフレッサ　ホールディングス,ヘルスケア
2789,カルラ,一般消費財
278A,Ｔｅｒｒａ　Ｄｒｏｎｅ,資本財
2790,ナフコ,一般消費財
2791,大黒天物産,生活必需品
2792,ハニーズホールディングス,一般消費財
2795,日本プリメックス,資本財
2796,ファーマライズホールディングス,ヘルスケア
2798,ワイズテーブルコーポレーション,一般消費財
2801,キッコーマン,生活必需品
2804,ブルドックソース,生活必需品
279A,インターグ,コミュニケーション・サービス
2802,味の素,生活必需品
280A,ＴＭＨ,情報技術
2805,ヱスビー食品,生活必需品
2806,ユタカフーズ,生活必需品
2809,キユーピー,生活必需品
2813,和弘食品,生活必需品
2814,佐藤食品工業,生活必需品
2811,カゴメ,生活必需品
2810,ハウス食品グループ本社,生活必需品
2815,アリアケジャパン,生活必需品
2816,ダイショー,生活必需品
2818,ピエトロ,生活必需品
2819,エバラ食品工業,生活必需品
281A,インフォメティス,情報技術
282A,グローバルＸ　半導体・トップ１０－日本株式　ＥＴＦ,N/A
2820,やまみ,生活必需品
2831,はごろもフーズ,生活必需品
2836,グローバルＸ　フィンテック－日本株式　ＥＴＦ,N/A
2838,ＭＡＸＩＳ米国国債７－１０年上場投信（為替ヘッジなし）,N/A
2837,グローバルＸ　中小型リーダーズ－日本株式　ＥＴＦ,N/A
2839,ＭＡＸＩＳ米国国債７－１０年上場投信（為替ヘッジあり）,N/A
283A,グローバルＸ　ＵＳ　テック・配当貴族　ＥＴＦ,N/A
2841,ｉＦｒｅｅＥＴＦ　ＮＡＳＤＡＱ１００（為替ヘッジあり）,N/A
2840,ｉＦｒｅｅＥＴＦ　ＮＡＳＤＡＱ１００（為替ヘッジなし）,N/A
2842,ｉＦｒｅｅＥＴＦ　ＮＡＳＤＡＱ１００インバース,N/A
2843,上場インデックスファンド豪州国債（為替ヘッジあり）,N/A
2845,ＮＥＸＴ　ＦＵＮＤＳ　ＮＡＳＤＡＱ－１００（為替ヘッジあり）連動型上場投信,N/A
2844,上場インデックスファンド豪州国債（為替ヘッジなし）,N/A
2846,ＮＥＸＴ　ＦＵＮＤＳ　ダウ・ジョーンズ工業株３０種平均株価（為替ヘッジあり）連動型上場投信,N/A
2847,グローバルＸ　新成長インフラ－日本株式　ＥＴＦ,N/A
284A,フクヤ建設,資本財
2849,グローバルＸ　Ｍｏｒｎｉｎｇｓｔａｒ　高配当　ＥＳＧ－日本株式　ＥＴＦ,N/A
2848,グローバルＸ　ＭＳＣＩ　気候変動対応－日本株式　ＥＴＦ,N/A
2851,ｉシェアーズ　ＭＳＣＩ　ジャパンＳＲＩ　ＥＴＦ,N/A
2852,ｉシェアーズ　グリーンＪリート　ＥＴＦ,N/A
2853,ｉシェアーズ　気候リスク調整世界国債　ＥＴＦ（除く日本・為替ヘッジあり）,N/A
2854,グローバルＸ　テック・トップ２０－日本株式　ＥＴＦ,N/A
2855,グローバルＸ　グリーン・Ｊ－ＲＥＩＴ　ＥＴＦ,N/A
2856,ｉシェアーズ　米国債３－７年　ＥＴＦ（為替ヘッジあり）,N/A
2858,グローバルＸ　日経２２５　カバード・コール　ＥＴＦ（プレミアム再投資型）,N/A
2857,ｉシェアーズ　ドイツ国債　ＥＴＦ（為替ヘッジあり）,N/A
2859,ＮＥＸＴ　ＦＵＮＤＳ　ユーロ・ストックス５０指数（為替ヘッジあり）連動型上場投信,N/A
285A,キオクシアホールディングス,情報技術
2861,上場インデックスファンドフランス国債（為替ヘッジなし）,N/A
2860,ＮＥＸＴ　ＦＵＮＤＳ　ドイツ株式・ＤＡＸ（為替ヘッジあり）連動型上場投信,N/A
2862,上場インデックスファンドフランス国債（為替ヘッジあり）,N/A
2864,グローバルＸ　ロジスティクス・ＲＥＩＴ　ＥＴＦ,N/A
2866,グローバルＸ　米国優先証券　ＥＴＦ,N/A
2868,グローバルＸ　Ｓ＆Ｐ５００・カバード・コール　ＥＴＦ,N/A
2865,グローバルＸ　ＮＡＳＤＡＱ１００・カバード・コール　ＥＴＦ,N/A
2867,グローバルＸ　自動運転＆ＥＶ　ＥＴＦ,N/A
2870,ｉＦｒｅｅＥＴＦ　ＮＡＳＤＡＱ１００ダブルインバース,N/A
2869,ｉＦｒｅｅＥＴＦ　ＮＡＳＤＡＱ１００レバレッジ,N/A
286A,ユカリア,ヘルスケア
2871,ニチレイ,生活必需品
2875,東洋水産,生活必需品
2874,横浜冷凍,生活必需品
2872,セイヒョー,生活必需品
2876,デルソーレ,生活必需品
287A,黒田グループ,資本財
2882,イートアンドホールディングス,一般消費財
2877,日東ベスト,生活必需品
2883,大冷,資本財
2884,ヨシムラ・フード・ホールディングス,生活必需品
288A,ラクサス・テクノロジーズ,一般消費財
2892,日本食品化工,生活必需品
2894,石井食品,生活必需品
2897,日清食品ホールディングス,生活必需品
2901,ウェルディッシュ,ヘルスケア
2903,シノブフーズ,生活必需品
2904,一正蒲鉾,生活必需品
290A,Ｓｙｎｓｐｅｃｔｉｖｅ,資本財
2907,あじかん,生活必需品
2910,ロック・フィールド,生活必需品
2908,フジッコ,生活必需品
2914,日本たばこ産業,生活必需品
2915,ケンコーマヨネーズ,生活必需品
2916,仙波糖化工業,生活必需品
2911,旭松食品,生活必需品
291A,リスキル,生活必需品
2918,わらべや日洋ホールディングス,生活必需品
2917,大森屋,生活必需品
2922,なとり,生活必需品
2924,イフジ産業,生活必需品
2926,篠崎屋,生活必需品
2923,サトウ食品,生活必需品
2927,ＡＦＣ－ＨＤアムスライフサイエンス,生活必需品
2929,ファーマフーズ,ヘルスケア
292A,エスアイイー,情報技術
2930,北の達人コーポレーション,生活必需品
2931,ユーグレナ,生活必需品
2933,紀文食品,生活必需品
2932,ＳＴＩフードホールディングス,生活必需品
2934,ジェイフロンティア,ヘルスケア
2935,ピックルスホールディングス,生活必需品
2936,ベースフード,生活必需品
2937,サンクゼール,生活必需品
2938,オカムラ食品工業,生活必需品
295A,Ｏｎｅ　ＥＴＦ　ＦＴＳＥ・サウジアラビア・インデックス,N/A
293A,ＢＡＢＹ　ＪＯＢ,ヘルスケア
294A,ＮＥＸＴ　ＦＵＮＤＳ　ＭＳＣＩジャパン気候変動指数（セレクト）連動型上場投信,N/A
2962,テクニスコ,資本財
2961,日本調理機,資本財
296A,令和アカウンティング・ホールディングス,資本財
2970,ＧＬＣ　ＧＲＯＵＰ,不動産
2971,エスコンジャパンリート投資法人,不動産
2978,ツクルバ,不動産
2975,スター・マイカ・ホールディングス,不動産
2972,サンケイリアルエステート投資法人,不動産
297A,アルピコホールディングス,資本財
2979,ＳＯＳｉＬＡ物流リート投資法人,不動産
2981,ランディックス,不動産
2980,ＳＲＥホールディングス,不動産
2983,アールプランナー,不動産
2982,ＡＤワークスグループ,不動産
2984,ヤマイチエステート,不動産
2985,ファーストステージ,N/A
2986,ＬＡホールディングス,不動産
2989,東海道リート投資法人,不動産
298A,ＧＶＡ　ＴＥＣＨ,情報技術
2990,アイダ設計,一般消費財
2991,ランドネット,不動産
2992,アーバンライク,N/A
2993,長栄,不動産
2994,アンサーホールディングス,N/A
2995,ジェイレックス・コーポレーション,N/A
2997,ストレージ王,不動産
2998,クリアル,金融
2999,ホームポジション,一般消費財
299A,クラシル,コミュニケーション・サービス
3001,片倉工業,資本財
3003,ヒューリック,不動産
3002,グンゼ,一般消費財
3004,神栄,資本財
300A,ＭＩＣ,コミュニケーション・サービス
301A,インデックス,不動産
3011,バナーズ,一般消費財
3010,ポラリス・ホールディングス,一般消費財
3020,アプライド,情報技術
3023,ラサ商事,素材
3021,パシフィックネット,情報技術
3024,クリエイト,資本財
3028,アルペン,一般消費財
302A,ビースタイルホールディングス,資本財
3030,ハブ,一般消費財
3031,ラクーンホールディングス,一般消費財
3034,クオールホールディングス,ヘルスケア
3036,アルコニックス,素材
303A,ｖｉｓｕｍｏ,情報技術
3035,ケイティケイ,資本財
3038,神戸物産,生活必需品
3040,ソリトンシステムズ,情報技術
3041,ビューティカダンホールディングス,一般消費財
3042,セキュアヴェイル,情報技術
3045,カワサキ,一般消費財
3046,ジンズホールディングス,ヘルスケア
3048,ビックカメラ,一般消費財
304A,フォルシア,情報技術
3050,ＤＣＭホールディングス,一般消費財
3053,ペッパーフードサービス,一般消費財
3054,ハイパー,情報技術
3058,三洋堂ホールディングス,一般消費財
3059,ヒラキ,一般消費財
305A,ダブルツリー,一般消費財
3063,ジェイグループホールディングス,一般消費財
3064,ＭｏｎｏｔａＲＯ,一般消費財
3065,ライフフーズ,一般消費財
3067,東京一番フーズ,一般消費財
3068,ＷＤＩ,一般消費財
3069,ＪＦＬＡホールディングス,一般消費財
3070,ジェリービーンズグループ,一般消費財
3071,ストリーム,一般消費財
3075,銚子丸,一般消費財
307A,ハウジング・スタッフ,不動産
3076,あい　ホールディングス,資本財
3077,ホリイフードサービス,一般消費財
3079,ディーブイエックス,ヘルスケア
3080,ジェーソン,生活必需品
3082,きちりホールディングス,一般消費財
3083,スターシーズ,一般消費財
3086,Ｊ．フロント　リテイリング,一般消費財
3088,マツキヨココカラ＆カンパニー,ヘルスケア
3087,ドトール・日レスホールディングス,一般消費財
3089,テクノアルファ,情報技術
308A,ぽすとめいとホールディングス,資本財
3091,ブロンコビリー,一般消費財
3092,ＺＯＺＯ,一般消費財
3093,トレジャー・ファクトリー,一般消費財
3096,オーシャンシステム,生活必需品
309A,コスモス調剤,資本財
3097,物語コーポレーション,一般消費財
3101,東洋紡,素材
3099,三越伊勢丹ホールディングス,一般消費財
3104,富士紡ホールディングス,一般消費財
3103,ユニチカ,素材
3105,日清紡ホールディングス,資本財
3106,倉敷紡績,資本財
310A,サーティーフォー,不動産
3109,シキボウ,一般消費財
3107,ダイワボウホールディングス,情報技術
3110,日東紡績,一般消費財
311A,ＮＰＴ,ヘルスケア
3111,オーミケンシ,一般消費財
3116,トヨタ紡織,一般消費財
3113,ＵＮＩＶＡ・Ｏａｋホールディングス,金融
312A,シンコーホールディングス,資本財
3121,マーチャント・バンカーズ,金融
3131,シンデン・ハイテックス,情報技術
3123,サイボー,一般消費財
3134,Ｈａｍｅｅ,一般消費財
3132,マクニカホールディングス,情報技術
3133,海帆,一般消費財
3135,マーケットエンタープライズ,一般消費財
3137,ファンデリー,コミュニケーション・サービス
313A,ｉシェアーズ　Ｓ＆Ｐ　５００　トップ　２０　ＥＴＦ,N/A
3138,富士山マガジンサービス,一般消費財
3139,ラクト・ジャパン,生活必需品
3143,オーウイル,生活必需品
3140,ＢＲＵＮＯ,一般消費財
3148,クリエイトＳＤホールディングス,ヘルスケア
314A,ｉシェアーズ　ゴールド　ＥＴＦ,N/A
3150,グリムス,公益事業
3151,バイタルケーエスケー・ホールディングス,ヘルスケア
3154,メディアスホールディングス,ヘルスケア
3153,八洲電機,資本財
315A,グローバルＸ　銀行　高配当－日本株式　ＥＴＦ,N/A
3157,ジオリーブグループ,素材
3159,丸善ＣＨＩホールディングス,一般消費財
3156,レスター,情報技術
3167,ＴＯＫＡＩホールディングス,資本財
3166,ＯＣＨＩホールディングス,一般消費財
3160,大光,生活必需品
3161,アゼアス,一般消費財
3172,ティーライフ,一般消費財
3168,ＭＥＲＦ,素材
316A,ｉＦｒｅｅＥＴＦ　ＦＡＮＧ＋,N/A
3169,ミサワ,一般消費財
3173,Ｃｏｍｉｎｉｘ,資本財
3176,三洋貿易,資本財
3174,ハピネス・アンド・ディ,一般消費財
3175,エー・ピーホールディングス,一般消費財
3177,ありがとうサービス,一般消費財
317A,エス・エム・エス・データテック,情報技術
3179,シュッピン,一般消費財
3178,チムニー,一般消費財
3180,ビューティガレージ,生活必需品
3181,買取王国,一般消費財
3184,ＩＣＤＡホールディングス,一般消費財
3185,夢展望,一般消費財
3183,ウイン・パートナーズ,ヘルスケア
3182,オイシックス・ラ・大地,一般消費財
3186,ネクステージ,一般消費財
3187,ミラタップ,一般消費財
3189,ＡＮＡＰホールディングス,一般消費財
318A,ＶＩＸ短期先物指数ＥＴＦ,N/A
3190,ホットマン,一般消費財
3191,ジョイフル本田,一般消費財
3193,エターナルホスピタリティグループ,一般消費財
3192,白鳩,一般消費財
3195,ジェネレーションパス,一般消費財
3196,ホットランドホールディングス,一般消費財
3197,すかいらーくホールディングス,一般消費財
3198,ＳＦＰホールディングス,一般消費財
3199,綿半ホールディングス,一般消費財
319A,技術承継機構,金融
3202,ダイトウボウ,一般消費財
3201,日本毛織,一般消費財
3204,トーア紡コーポレーション,資本財
320A,Ｄ＆Ｉ,資本財
3205,ダイドーリミテッド,一般消費財
321A,ヒューマンステージホールディングス,資本財
3221,ヨシックスホールディングス,一般消費財
3222,ユナイテッド・スーパーマーケット・ホールディングス,一般消費財
3224,ゼネラル・オイスター,一般消費財
3223,エスエルディー,一般消費財
3226,三井不動産アコモデーションファンド投資法人,不動産
322A,ヒメジ理化,素材
3231,野村不動産ホールディングス,不動産
3232,三重交通グループホールディングス,資本財
3234,森ヒルズリート投資法人,不動産
3237,イントランス,不動産
3236,プロパスト,不動産
323A,フライヤー,情報技術
3238,セントラル総合開発,不動産
3241,ウィル,不動産
3242,アーバネットコーポレーション,不動産
3245,ディア・ライフ,不動産
3246,コーセーアールイー,不動産
3248,アールエイジ,不動産
324A,ブッキングリゾート,一般消費財
3249,産業ファンド投資法人,不動産
3252,地主,不動産
325A,ＴＥＮＴＩＡＬ,一般消費財
3266,ファンドクリエーショングループ,金融
3261,グランディーズ,不動産
3267,フィル・カンパニー,資本財
3269,アドバンス・レジデンス投資法人,不動産
326A,ａｅｒｏ　ｌａｂ　ｉｎｔｅｒｎａｔｉｏｎａｌ,資本財
3276,ＪＰＭＣ,不動産
3271,ＴＨＥグローバル社,不動産
3277,サンセイランディック,不動産
3280,エストラスト,不動産
3279,アクティビア・プロパティーズ投資法人,不動産
3281,ＧＬＰ投資法人,不動産
3282,コンフォリア・レジデンシャル投資法人,不動産
3284,フージャースホールディングス,一般消費財
3283,日本プロロジスリート投資法人,不動産
3286,トラストホールディングス,資本財
3287,星野リゾート・リート投資法人,不動産
3288,オープンハウスグループ,不動産
328A,グローバルＸ　プライシングパワー・リーダーズ－日本株式　ＥＴＦ,N/A
3289,東急不動産ホールディングス,不動産
3290,Ｏｎｅリート投資法人,不動産
3293,アズマハウス,不動産
3292,イオンリート投資法人,不動産
3291,飯田グループホールディングス,一般消費財
3294,イーグランド,不動産
3295,ヒューリックリート投資法人,不動産
3297,東武住販,不動産
3296,日本リート投資法人,不動産
3299,ムゲンエステート,不動産
329A,ジールアソシエイツ,資本財
3300,アンビション　ＤＸ　ホールディングス,不動産
3302,帝国繊維,資本財
3309,積水ハウス・リート投資法人,不動産
3306,日本製麻,資本財
330A,ＴａｌｅｎｔＸ,資本財
3315,日本コークス工業,素材
331A,メディックス,コミュニケーション・サービス
3317,フライングガーデン,一般消費財
3320,クロスプラス,一般消費財
3321,ミタチ産業,情報技術
3326,ランシステム,一般消費財
3323,レカム,コミュニケーション・サービス
332A,ミーク,情報技術
3329,東和フードサービス,一般消費財
333A,テクノスマイル,資本財
3333,あさひ,一般消費財
334A,ビジュアル・プロセッシング・ジャパン,情報技術
3349,コスモス薬品,ヘルスケア
3353,メディカル一光グループ,資本財
3352,バッファロー,一般消費財
3350,メタプラネット,一般消費財
3355,クリヤマホールディングス,資本財
335A,ミライロ,情報技術
3358,Ｔｒａｉｌｈｅａｄ　Ｇｌｏｂａｌ　Ｈｏｌｄｉｎｇｓ,一般消費財
3359,ｃｏｔｔａ,一般消費財
3360,シップヘルスケアホールディングス,ヘルスケア
336A,ダイナミックマッププラットフォーム,コミュニケーション・サービス
3370,フジタコーポレーション,一般消費財
3361,トーエル,公益事業
3372,関門海,一般消費財
3374,内外テック,資本財
3371,ソフトクリエイトホールディングス,情報技術
3375,ＺＯＡ,情報技術
3386,コスモ・バイオ,ヘルスケア
3382,セブン＆アイ・ホールディングス,生活必需品
3387,クリエイト・レストランツ・ホールディングス,一般消費財
3377,バイク王＆カンパニー,一般消費財
338A,ＺｅｎｍｕＴｅｃｈ,情報技術
3388,明治電機工業,情報技術
3391,ツルハホールディングス,ヘルスケア
3392,デリカフーズホールディングス,生活必需品
3395,サンマルクホールディングス,一般消費財
3393,スターティアホールディングス,情報技術
3396,フェリシモ,一般消費財
3397,トリドールホールディングス,一般消費財
339A,プログレス・テクノロジーズ　グループ,情報技術
3399,丸千代山岡家,一般消費財
3401,帝人,資本財
3402,東レ,一般消費財
3405,クラレ,素材
340A,ジグザグ,資本財
3407,旭化成,資本財
3409,北紡,一般消費財
3415,ＴＯＫＹＯ　ＢＡＳＥ,一般消費財
3417,大木ヘルスケアホールディングス,ヘルスケア
3416,ピクスタ,一般消費財
3418,バルニバービ,一般消費財
341A,トヨコー,資本財
3421,稲葉製作所,一般消費財
3420,ケー・エフ・シー,資本財
3422,Ｊ－ＭＡＸ,一般消費財
3423,エスイー,資本財
3426,アトムリビンテック,資本財
3431,宮地エンジニアリンググループ,資本財
3433,トーカロ,資本財
3435,サンコーテクノ,資本財
3434,アルファＣｏ,一般消費財
3436,ＳＵＭＣＯ,情報技術
3437,特殊電極,資本財
343A,ＩＡＣＥトラベル,一般消費財
3440,日創グループ,資本財
3439,三ツ知,一般消費財
3441,山王,資本財
3443,川田テクノロジーズ,資本財
3444,菊池製作所,資本財
3448,清鋼材,N/A
3446,ジェイテックコーポレーション,ヘルスケア
3447,信和,資本財
3445,ＲＳ　Ｔｅｃｈｎｏｌｏｇｉｅｓ,情報技術
3449,テクノフレックス,資本財
3450,サトウ産業,N/A
3452,ビーロット,不動産
3451,トーセイ・リート投資法人,不動産
3454,ファーストブラザーズ,金融
3457,Ａｎｄ　Ｄｏホールディングス,不動産
3459,サムティ・レジデンシャル投資法人,不動産
3455,ヘルスケア＆メディカル投資法人,不動産
345A,高配当成長　日本株（ネットリターン）ＥＴＮ,N/A
3461,パルマ,資本財
3463,いちごホテルリート投資法人,不動産
3462,野村不動産マスターファンド投資法人,不動産
3465,ケイアイスター不動産,不動産
3467,アグレ都市デザイン,不動産
3466,ラサールロジポート投資法人,不動産
3468,スターアジア不動産投資法人,不動産
3470,マリモ地方創生リート投資法人,不動産
346A,ＮＥＸＴ　ＦＵＮＤＳ　Ｓ＆Ｐ　５００　半導体・半導体製造装置３５％キャップ指数連動型上場投信,N/A
3469,デュアルタップ,不動産
3471,三井不動産ロジスティクスパーク投資法人,不動産
3474,Ｇ－ＦＡＣＴＯＲＹ,不動産
3475,グッドコムアセット,不動産
3472,日本ホテル＆レジデンシャル投資法人,不動産
3476,投資法人みらい,不動産
3477,フォーライフ,一般消費財
347A,ＧＲＯＷＴＨ　ＰＯＷＥＲ,資本財
3479,ティーケーピー,不動産
3480,ジェイ・エス・ビー,不動産
3482,ロードスターキャピタル,不動産
3481,三菱地所物流リート投資法人,不動産
3483,翔栄,N/A
3484,イノベーションホールディングス,不動産
3486,グローバル・リンク・マネジメント,不動産
3488,セントラル・リート投資法人,不動産
3487,ＣＲＥロジスティクスファンド投資法人,不動産
3489,フェイスネットワーク,不動産
348A,ＭＡＸＩＳ読売３３３日本株上場投信,N/A
3491,ＧＡ　ｔｅｃｈｎｏｌｏｇｉｅｓ,コミュニケーション・サービス
3490,アズ企画設計,不動産
3492,ＭＩＲＡＲＴＨ不動産投資法人,不動産
3494,マリオン,不動産
3496,アズーム,不動産
3495,香陵住販,不動産
3498,霞ヶ関キャピタル,資本財
349A,ＳＭＤＡＭ　Ａｃｔｉｖｅ　ＥＴＦ　日本グロース株式,N/A
3501,ＳＵＭＩＮＯＥ,一般消費財
351A,アクシスＩＴパートナーズ,情報技術
3512,日本フエルト,資本財
3513,イチカワ,素材
350A,デジタルグリッド,公益事業
352A,ＬＯＩＶＥ,一般消費財
3521,テルマー湯ホールディングス,不動産
3529,アツギ,一般消費財
3524,日東製網,一般消費財
3537,昭栄薬品,素材
3536,アクサスホールディングス,生活必需品
3538,ウイルプラスホールディングス,一般消費財
3539,ＪＭホールディングス,生活必需品
3541,農業総合研究所,生活必需品
3542,ベガコーポレーション,一般消費財
3543,コメダホールディングス,一般消費財
3544,サツドラホールディングス,ヘルスケア
3546,アレンザホールディングス,一般消費財
3547,串カツ田中ホールディングス,一般消費財
3548,バロックジャパンリミテッド,一般消費財
3549,クスリのアオキホールディングス,ヘルスケア
354A,ｉＦｒｅｅＥＴＦ　ブルームバーグ日本株高配当５０指数,N/A
3550,スタジオアタオ,一般消費財
3551,ダイニック,資本財
3556,リネットジャパングループ,一般消費財
3553,共和レザー,素材
3558,ジェイドグループ,一般消費財
3557,ユナイテッド＆コレクティブ,一般消費財
3559,ピーバンドットコム,情報技術
355A,ナウビレッジ,コミュニケーション・サービス
3560,ほぼ日,一般消費財
3562,Ｎｏ．１,資本財
3563,ＦＯＯＤ　＆　ＬＩＦＥ　ＣＯＭＰＡＮＩＥＳ,一般消費財
3561,力の源ホールディングス,一般消費財
3566,ユニフォームネクスト,一般消費財
3565,アセンテック,情報技術
356A,グローバルＸ　Ｓ＆Ｐ５００　キャッシュフロー・トップ１００　ＥＴＦ,N/A
3569,セーレン,一般消費財
3571,ソトー,一般消費財
3577,東海染工,一般消費財
357A,エフアンドエフ,ヘルスケア
3580,小松マテーレ,一般消費財
358A,ゼン・ランド,不動産
3591,ワコールホールディングス,一般消費財
3583,オーベクス,一般消費財
3593,ホギメディカル,ヘルスケア
359A,ＮＥＸＴ　ＳＴＡＧＥ,情報技術
3597,自重堂,一般消費財
3598,山喜,一般消費財
3607,クラウディアホールディングス,一般消費財
3600,フジックス,一般消費財
360A,東証ＲＥＩＴ　Ｃｏｒｅ　ＥＴＦ,N/A
3611,マツオカコーポレーション,一般消費財
3608,ＴＳＩホールディングス,一般消費財
3612,ワールド,一般消費財
3623,ビリングシステム,情報技術
361A,リビングハウス,一般消費財
3624,アクセルマーク,コミュニケーション・サービス
3622,ネットイヤーグループ,コミュニケーション・サービス
3625,テックファームホールディングス,情報技術
3626,ＴＩＳ,情報技術
3628,データホライゾン,ヘルスケア
3627,テクミラホールディングス,情報技術
362A,エクシオホールディングス,資本財
3632,グリーホールディングス,コミュニケーション・サービス
3633,ＧＭＯペパボ,情報技術
3634,ソケッツ,情報技術
3635,コーエーテクモホールディングス,コミュニケーション・サービス
3636,三菱総合研究所,情報技術
3639,ボルテージ,コミュニケーション・サービス
363A,ｉＦｒｅｅＥＴＦ　英国ＦＴＳＥ１００,N/A
3640,電算,情報技術
3641,パピレス,コミュニケーション・サービス
3646,駅探,コミュニケーション・サービス
3645,メディカルネット,コミュニケーション・サービス
3647,ジー・スリーホールディングス,公益事業
3648,ＡＧＳ,情報技術
364A,ＮＥＸＴ　ＦＵＮＤＳ　Ｓ＆Ｐ　５００　配当貴族指数連動型上場投信,N/A
3649,ファインデックス,ヘルスケア
3653,モルフォ,情報技術
3652,ディジタルメディアプロフェッショナル,情報技術
3655,ブレインパッド,情報技術
3656,ＫＬａｂ,コミュニケーション・サービス
3659,ネクソン,コミュニケーション・サービス
3657,ポールトゥウィンホールディングス,情報技術
365A,伊澤タオル,N/A
3661,エムアップホールディングス,コミュニケーション・サービス
3660,アイスタイル,一般消費財
3662,エイチームホールディングス,コミュニケーション・サービス
3663,セルシス,情報技術
3664,モブキャストホールディングス,コミュニケーション・サービス
3665,エニグモ,一般消費財
3667,ｅｎｉｓｈ,コミュニケーション・サービス
3668,コロプラ,コミュニケーション・サービス
366A,ウェルネス・コミュニケーションズ,ヘルスケア
3670,協立情報通信,情報技術
3671,ソフトマックス,ヘルスケア
3674,オークファン,コミュニケーション・サービス
3672,オルトプラス,コミュニケーション・サービス
3673,ブロードリーフ,情報技術
3675,クロス・マーケティンググループ,コミュニケーション・サービス
3679,じげん,コミュニケーション・サービス
367A,プリモグローバルホールディングス,一般消費財
3678,メディアドゥ,コミュニケーション・サービス
3676,デジタルハーツホールディングス,情報技術
3682,エンカレッジ・テクノロジ,情報技術
3681,ブイキューブ,情報技術
3683,サイバーリンクス,情報技術
3680,ホットリンク,情報技術
3686,ディー・エル・イー,コミュニケーション・サービス
368A,北里コーポレーション,ヘルスケア
3687,フィックスターズ,情報技術
3690,イルグルム,コミュニケーション・サービス
3691,デジタルプラス,コミュニケーション・サービス
3692,ＦＦＲＩセキュリティ,情報技術
3694,オプティム,情報技術
3695,ＧＭＯプロダクトプラットフォーム,情報技術
3696,セレス,資本財
3697,ＳＨＩＦＴ,情報技術
369A,エータイ,資本財
3698,ＣＲＩ・ミドルウェア,コミュニケーション・サービス
3708,特種東海製紙,素材
370A,リバイブル,不動産
3710,ジョルダン,情報技術
3712,情報企画,情報技術
3719,ＡＩストーム,資本財
371A,デージーネット,情報技術
3723,日本ファルコム,コミュニケーション・サービス
3726,フォーシーズＨＤ,一般消費財
372A,レント,資本財
3727,アプリックス,情報技術
3733,ソフトウェア・サービス,ヘルスケア
373A,リップス,一般消費財
3741,セック,情報技術
3744,サイオス,情報技術
3747,インタートレード,金融
374A,樋口総合研究所,情報技術
3750,ＡＤＲ１２０Ｓ,ヘルスケア
375A,ＹＡＫホールディングス,不動産
3753,フライトソリューションズ,情報技術
3758,アエリア,コミュニケーション・サービス
3763,プロシップ,情報技術
3762,テクマトリックス,情報技術
3760,ケイブ,コミュニケーション・サービス
3765,ガンホー・オンライン・エンターテイメント,コミュニケーション・サービス
3768,リスクモンスター,資本財
3766,システムズ・デザイン,情報技術
3769,ＧＭＯペイメントゲートウェイ,情報技術
376A,ＮＥＸＴ　ＦＵＮＤＳ　ブルームバーグ米国国債（７－１０年）インデックス（７５％為替ヘッジあり）連動型上場投信,N/A
3771,システムリサーチ,情報技術
3772,ウェルス・マネジメント,不動産
3777,環境フレンドリーホールディングス,情報技術
3776,ブロードバンドタワー,コミュニケーション・サービス
3774,インターネットイニシアティブ,コミュニケーション・サービス
3773,アドバンスト・メディア,情報技術
3778,さくらインターネット,情報技術
3779,ジェイ・エスコムホールディングス,一般消費財
3788,ＧＭＯグローバルサイン・ホールディングス,情報技術
3787,テクノマセマティカル,情報技術
378A,ヒット,コミュニケーション・サービス
3796,いい生活,情報技術
3793,ドリコム,コミュニケーション・サービス
3791,ＩＧポート,コミュニケーション・サービス
379A,グローバルＸ　Ｓ＆Ｐ５００　ＥＴＦ（ダイナミック・プロテクション）,N/A
3798,ＵＬＳグループ,情報技術
3800,ユニリタ,情報技術
3799,キーウェアソリューションズ,情報技術
3802,エコミック,資本財
3803,イメージ情報開発,情報技術
380A,グローバルＸ　チャイナテック　ＥＴＦ,N/A
3804,システム　ディ,情報技術
3807,フィスコ,金融
3810,サイバーステップホールディングス,コミュニケーション・サービス
3815,メディア工房,コミュニケーション・サービス
3817,ＳＲＡホールディングス,情報技術
3816,大和コンピューター,情報技術
381A,ｉＦｒｅｅＥＴＦ　米国国債３－５年（為替ヘッジなし）,N/A
3825,リミックスポイント,公益事業
3826,システムインテグレータ,情報技術
3823,ＴＨＥ　ＷＨＹ　ＨＯＷ　ＤＯ　ＣＯＭＰＡＮＹ,情報技術
382A,ｉＦｒｅｅＥＴＦ　米国国債３－５年（為替ヘッジあり）,N/A
3834,朝日ネット,コミュニケーション・サービス
3835,ｅＢＡＳＥ,情報技術
3837,アドソル日進,情報技術
3836,アバントグループ,情報技術
383A,ＭＡＸＩＳ　Ｓ＆Ｐ５００均等ウェイト上場投信,N/A
3839,ＯＤＫソリューションズ,情報技術
3840,パス,資本財
3841,ジーダット,情報技術
3842,ネクストジェン,コミュニケーション・サービス
3843,フリービット,コミュニケーション・サービス
3844,コムチュア,情報技術
3845,アイフリークモバイル,コミュニケーション・サービス
3848,データ・アプリケーション,情報技術
3850,エヌ・ティ・ティ・データ・イントラマート,情報技術
3851,日本一ソフトウェア,コミュニケーション・サービス
3853,アステリア,情報技術
3854,アイル,情報技術
3858,ユビキタスＡＩ,情報技術
3856,Ａｂａｌａｎｃｅ,情報技術
385A,山本通産,素材
3864,三菱製紙,素材
3865,北越コーポレーション,素材
3861,王子ホールディングス,素材
3863,日本製紙,素材
386A,みのや,一般消費財
3877,中越パルプ工業,素材
387A,フラー,情報技術
3878,巴川コーポレーション,素材
3880,大王製紙,素材
3891,ニッポン高度紙工業,情報技術
3892,岡山製紙,素材
3895,ハビックス,素材
3896,阿波製紙,素材
3900,クラウドワークス,資本財
389A,八光オートメーション,資本財
3901,マークラインズ,コミュニケーション・サービス
3902,メディカル・データ・ビジョン,ヘルスケア
3903,ｇｕｍｉ,コミュニケーション・サービス
3904,カヤック,コミュニケーション・サービス
3905,データセクション,情報技術
3907,シリコンスタジオ,コミュニケーション・サービス
3908,コラボス,情報技術
3910,エムケイシステム,情報技術
3909,ショーケース,情報技術
3911,Ａｉｍｉｎｇ,コミュニケーション・サービス
3913,ＧｒｅｅｎＢｅｅ,情報技術
3914,ＪＩＧ－ＳＡＷ,情報技術
3912,モバイルファクトリー,コミュニケーション・サービス
3915,テラスカイ,情報技術
3918,ＰＣＩホールディングス,情報技術
3916,デジタル・インフォメーション・テクノロジー,情報技術
3917,アイリッジ,情報技術
3920,アイビーシー,情報技術
3923,ラクス,情報技術
3921,ネオジャパン,情報技術
3922,ＰＲ　ＴＩＭＥＳ,コミュニケーション・サービス
3924,ランドコンピュータ,情報技術
3925,ダブルスタンダード,情報技術
3926,オープンドア,コミュニケーション・サービス
3927,フーバーブレイン,情報技術
3928,マイネット,コミュニケーション・サービス
3929,ソーシャルワイヤー,コミュニケーション・サービス
392A,ｉシェアーズ　ＮＡＳＤＡＱ　トップ　３０　ＥＴＦ,N/A
3930,はてな,コミュニケーション・サービス
3933,チエル,情報技術
3931,バリューゴルフ,コミュニケーション・サービス
3932,アカツキ,コミュニケーション・サービス
3934,ベネフィットジャパン,コミュニケーション・サービス
3936,グローバルウェイ,情報技術
3935,エディア,コミュニケーション・サービス
393A,ＲｉｔａＸ,資本財
3937,Ｕｂｉｃｏｍホールディングス,情報技術
3939,カナミックネットワーク,ヘルスケア
3940,ノムラシステムコーポレーション,情報技術
3943,大石産業,一般消費財
3944,古林紙工,一般消費財
3941,レンゴー,一般消費財
3945,スーパーバッグ,素材
3946,トーモク,一般消費財
394A,業界改革厳選ＥＴＦテレビ業界,N/A
3948,光ビジネスフォーム,資本財
3947,ダイナパック,一般消費財
3951,朝日印刷,一般消費財
3954,昭和パックス,一般消費財
3950,ザ・パック,一般消費財
3953,大村紙業,一般消費財
3955,イムラ,素材
3958,笹徳印刷,資本財
395A,業界改革厳選ＥＴＦ地銀,N/A
3961,シルバーエッグ・テクノロジー,コミュニケーション・サービス
3962,チェンジホールディングス,情報技術
3964,オークネット,一般消費財
3965,キャピタル・アセット・プランニング,情報技術
3963,シンクロ・フード,資本財
3967,エルテス,情報技術
3968,セグエグループ,情報技術
3969,エイトレッド,情報技術
396A,業界改革厳選ＥＴＦ　ＲＥＩＴイベント・ドリブン,N/A
3976,シャノン,情報技術
3974,ＳＣＡＴ,情報技術
3979,うるる,情報技術
3970,イノベーション,情報技術
3983,オロ,情報技術
3981,ビーグリー,コミュニケーション・サービス
3985,テモナ,コミュニケーション・サービス
3984,ユーザーローカル,情報技術
3986,ビーブレイクシステムズ,情報技術
3988,ＳＹＳホールディングス,情報技術
3987,エコモット,情報技術
3989,シェアリングテクノロジー,コミュニケーション・サービス
398A,リアルクオリティ,一般消費財
3992,ニーズウェル,情報技術
3991,ウォンテッドリー,コミュニケーション・サービス
3993,ＰＫＳＨＡ　Ｔｅｃｈｎｏｌｏｇｙ,情報技術
3997,トレードワークス,情報技術
3994,マネーフォワード,情報技術
3998,すららネット,生活必需品
3996,サインポスト,情報技術
399A,上場インデックスファンド日経平均高配当株５０,N/A
4004,レゾナック・ホールディングス,素材
4011,ヘッドウォータース,情報技術
4012,アクシス,情報技術
4008,住友精化,素材
4005,住友化学,素材
4013,勤次郎,情報技術
4014,カラダノート,情報技術
4015,ペイクラウドホールディングス,情報技術
4016,ＭＩＴホールディングス,情報技術
401A,霞ヶ関ホテルリート投資法人,不動産
4019,スタメン,情報技術
4017,クリーマ,一般消費財
4020,ビートレンド,情報技術
4021,日産化学,素材
4023,クレハ,素材
4022,ラサ工業,素材
4025,多木化学,素材
4026,神島化学工業,資本財
4028,石原産業,素材
4027,テイカ,素材
402A,アクセルスペースホールディングス,資本財
403A,北條組,資本財
4040,南海化学,素材
4031,片倉コープアグリ,素材
4041,日本曹達,素材
4044,セントラル硝子,素材
4042,東ソー,素材
4043,トクヤマ,素材
4045,東亞合成,素材
4046,大阪ソーダ,素材
404A,グローバルＸ　チャイナテック・トップ１０　ＥＴＦ,N/A
4047,関東電化工業,素材
4051,ＧＭＯフィナンシャルゲート,情報技術
4053,Ｓｕｎ　Ａｓｔｅｒｉｓｋ,情報技術
4052,フィーチャ,情報技術
4054,日本情報クリエイト,情報技術
4055,ティアンドエスグループ,情報技術
4056,ニューラルグループ,情報技術
4057,インターファクトリー,コミュニケーション・サービス
4058,トヨクモ,情報技術
4059,まぐまぐ,コミュニケーション・サービス
405A,コヤマ・ミライエ,一般消費財
4060,ｒａｋｕｍｏ,情報技術
4061,デンカ,素材
4062,イビデン,情報技術
4063,信越化学工業,素材
4064,日本カーバイド工業,素材
4068,ベイシス,情報技術
406A,環境のミカタホールディングス,資本財
4069,ＢｌｕｅＭｅｍｅ,情報技術
4071,プラスアルファ・コンサルティング,情報技術
4075,ブレインズテクノロジー,情報技術
4074,ラキール,情報技術
4073,ジィ・シィ企画,情報技術
4072,電算システムホールディングス,情報技術
4076,シイエヌエス,情報技術
407A,ＵＮＩＣＯＮホールディングス,資本財
4082,第一稀元素化学工業,素材
4078,堺化学工業,素材
408A,ｉシェアーズ　ＡＩ　グローバル・イノベーション　アクティブ　ＥＴＦ,N/A
4088,エア・ウォーター,素材
4092,日本化学工業,素材
4091,日本酸素ホールディングス,素材
4094,日本化学産業,素材
4093,東邦アセチレン,素材
4095,日本パーカライジング,素材
4097,高圧ガス工業,素材
4098,チタン工業,素材
4099,四国化成ホールディングス,素材
409A,オリオンビール,生活必需品
4100,戸田工業,素材
4102,丸尾カルシウム,素材
4107,伊勢化学工業,素材
4109,ステラ　ケミファ,素材
410A,ＧＭＯコマース,情報技術
4114,日本触媒,素材
4112,保土谷化学工業,素材
4113,田岡化学工業,素材
4116,大日精化工業,素材
4118,カネカ,素材
4119,日本ピグメントホールディングス,素材
411A,日本マリタイムバンク,金融
4125,三和油化工業,資本財
4124,大阪油化工業,素材
4120,スガイ化学工業,素材
412A,ＮＥＸＴ　ＦＵＮＤＳ　ＴＩＰ　ＦａｃｔＳｅｔ　台湾イノベイティブ・テクノロジー５０指数連動型上場投信,N/A
414A,オーバーラップホールディングス,コミュニケーション・サービス
413A,ｉＦｒｅｅＥＴＦ　キャセイ台湾テックリーダー指数,N/A
415A,ＧＭＯ　ＴＥＣＨホールディングス,コミュニケーション・サービス
4151,協和キリン,ヘルスケア
4165,プレイド,情報技術
4166,かっこ,情報技術
4168,ヤプリ,情報技術
4167,ココペリ,情報技術
4169,ＥＮＥＣＨＡＮＧＥ,情報技術
4170,Ｋａｉｚｅｎ　Ｐｌａｔｆｏｒｍ,コミュニケーション・サービス
416A,富士ユナイトホールディングス,エネルギー
4171,グローバルインフォメーション,資本財
4172,Ｈｉクラテス,ヘルスケア
4174,アピリッツ,情報技術
4175,ｃｏｌｙ,コミュニケーション・サービス
4178,Ｓｈａｒｉｎｇ　Ｉｎｎｏｖａｔｉｏｎｓ,情報技術
4179,ジーネクスト,情報技術
4177,ｉ‐ｐｌｕｇ,資本財
4176,ココナラ,コミュニケーション・サービス
417A,ブルーゾーンホールディングス,生活必需品
4180,Ａｐｐｉｅｒ　Ｇｒｏｕｐ,情報技術
4182,三菱瓦斯化学,素材
4183,三井化学,素材
4186,東京応化工業,情報技術
4187,大阪有機化学工業,素材
4188,三菱ケミカルグループ,素材
4189,ＫＨネオケム,素材
4192,スパイダープラス,情報技術
4194,ビジョナル,コミュニケーション・サービス
4193,ファブリカホールディングス,情報技術
4196,ネオマーケティング,コミュニケーション・サービス
4197,アスマーク,資本財
4198,テンダ,情報技術
4199,ワンダープラネット,情報技術
419A,ラングローブ,一般消費財
4202,ダイセル,素材
4203,住友ベークライト,素材
4204,積水化学工業,資本財
4206,アイカ工業,資本財
4205,日本ゼオン,素材
4212,積水樹脂,資本財
4208,ＵＢＥ,素材
4216,旭有機材,資本財
4218,ニチバン,資本財
421A,ムービン・ストラテジック・キャリア,資本財
4220,リケンテクノス,素材
4221,大倉工業,素材
4222,児玉化学工業,一般消費財
4228,積水化成品工業,素材
4224,ロンシール工業,資本財
4229,群栄化学工業,素材
422A,ｔａｎｅ　ＣＲＥＡＴＩＶＥ,情報技術
4231,タイガースポリマー,素材
4235,ウルトラファブリックス・ホールディングス,一般消費財
4234,サンエー化研,素材
4237,フジプレアム,情報技術
423A,ライオン事務器,資本財
4238,ミライアル,情報技術
4240,クラスターテクノロジー,情報技術
4241,アテクト,資本財
4242,タカギセイコー,素材
4243,ニックス,素材
4246,ダイキョーニシカワ,一般消費財
4245,ダイキアクシス,資本財
4247,ポバール興業,素材
424A,グローバルＸ　ゴールド　ＥＴＦ（為替ヘッジあり）,N/A
4251,恵和,情報技術
4248,竹本容器,一般消費財
4249,森六,素材
4256,サインド,情報技術
4255,ＴＨＥＣＯＯ,情報技術
4258,網屋,情報技術
4259,エクサウィザーズ,情報技術
425A,グローバルＸ　ゴールド　ＥＴＦ,N/A
4260,ハイブリッドテクノロジーズ,情報技術
4261,アジアクエスト,情報技術
4262,ニフティライフスタイル,不動産
4263,サスメド,ヘルスケア
4264,セキュア,資本財
4265,Ｉｎｓｔｉｔｕｔｉｏｎ　ｆｏｒ　ａ　Ｇｌｏｂａｌ　Ｓｏｃｉｅｔｙ,資本財
426A,ニッセイＥＴＦ　Ｓ＆Ｐ５００イコール・ウェイト（為替ヘッジなし）,N/A
4270,ＢｅｅＸ,情報技術
4272,日本化薬,素材
4274,細谷火工,素材
4275,カーリット,素材
4284,ソルクシーズ,情報技術
4286,ＣＬホールディングス,コミュニケーション・サービス
4287,ジャストプランニング,情報技術
4288,アズジェント,情報技術
428A,サイプレス・ホールディングス,一般消費財
4290,プレステージ・インターナショナル,資本財
4293,セプテーニ・ホールディングス,コミュニケーション・サービス
4299,ハイマックス,情報技術
429A,テクセンドフォトマスク,情報技術
430A,ネクストハンズ,情報技術
4301,アミューズ,コミュニケーション・サービス
4308,Ｊストリーム,コミュニケーション・サービス
4307,野村総合研究所,情報技術
4310,ドリームインキュベータ,金融
4316,ビーマップ,情報技術
4317,レイ,コミュニケーション・サービス
4318,クイック,資本財
431A,ユーソナー,情報技術
4320,ＣＥホールディングス,ヘルスケア
4323,日本システム技術,情報技術
4324,電通グループ,コミュニケーション・サービス
432A,クリニファー,ヘルスケア
4326,インテージホールディングス,コミュニケーション・サービス
4331,テイクアンドギヴ・ニーズ,一般消費財
4333,東邦システムサイエンス,情報技術
4335,ＩＰＳホールディングス,情報技術
4334,ユークス,コミュニケーション・サービス
4337,ぴあ,コミュニケーション・サービス
433A,ＭＪＥ,資本財
4341,西菱電機,コミュニケーション・サービス
4344,ソースネクスト,情報技術
4343,イオンファンタジー,一般消費財
4345,シーティーエス,資本財
4346,ＮＥＸＹＺ．Ｇｒｏｕｐ,資本財
434A,ＬＯＯＰＬＡＣＥ,不動産
4350,メディカルシステムネットワーク,ヘルスケア
4347,ブロードメディア,コミュニケーション・サービス
4351,山田再生系債権回収総合事務所,資本財
4356,応用技術,情報技術
435A,ｉＦｒｅｅＥＴＦ　日本株配当ローテーション戦略,N/A
4360,マナック・ケミカル・パートナーズ,素材
4361,川口化学工業,素材
4362,日本精化,素材
4365,松本油脂製薬,N/A
4366,ダイトーケミックス,素材
4367,広栄化学,素材
4368,扶桑化学工業,素材
436A,サイバーソリューションズ,情報技術
4369,トリケミカル研究所,素材
4370,モビルス,情報技術
4371,コアコンセプト・テクノロジー,情報技術
4372,ユミルリンク,情報技術
4373,シンプレクス・ホールディングス,情報技術
4374,ＲＯＢＯＴ　ＰＡＹＭＥＮＴ,情報技術
4375,セーフィー,情報技術
4376,くふうカンパニーホールディングス,資本財
4377,ワンキャリア,資本財
4378,ＣＩＮＣ,情報技術
4379,Ｐｈｏｔｏｓｙｎｔｈ,情報技術
437A,ジェイウェイブ,資本財
4380,Ｍマート,生活必需品
4381,ビープラッツ,情報技術
4384,ラクスル,資本財
4382,ＨＥＲＯＺ,情報技術
4385,メルカリ,一般消費財
4386,ＳＩＧグループ,情報技術
4387,ＺＵＵ,情報技術
4388,エーアイ,情報技術
4389,プロパティデータバンク,情報技術
438A,インフキュリオン,情報技術
4390,ＩＰＳ,コミュニケーション・サービス
4391,ロジザード,情報技術
4392,ＦＩＧ,情報技術
4393,バンク・オブ・イノベーション,コミュニケーション・サービス
4394,エクスモーション,情報技術
4396,システムサポートホールディングス,情報技術
4395,アクリート,コミュニケーション・サービス
4397,チームスピリット,情報技術
439A,アクトビ,情報技術
4398,ブロードバンドセキュリティ,情報技術
4404,ミヨシ油脂,生活必需品
4406,新日本理化,素材
4403,日油,素材
4401,ＡＤＥＫＡ,素材
4412,サイエンスアーツ,情報技術
4409,東邦化学工業,素材
4410,ハリマ化成グループ,素材
4413,ボードルア,情報技術
4416,Ｔｒｕｅ　Ｄａｔａ,情報技術
4415,ブロードエンタープライズ,コミュニケーション・サービス
4414,フレクト,情報技術
4417,グローバルセキュリティエキスパート,情報技術
4419,Ｆｉｎａｔｅｘｔホールディングス,情報技術
441A,ＮＥ,情報技術
4418,ＪＤＳＣ,情報技術
4420,イーソル,情報技術
4421,ディ・アイ・システム,情報技術
4422,ＶＡＬＵＥＮＥＸ,資本財
4424,Ａｍａｚｉａ,情報技術
4425,Ｋｕｄａｎ,情報技術
4426,パスロジ,N/A
4427,ＥｄｕＬａｂ,情報技術
4428,シノプス,情報技術
4429,リックソフト,情報技術
442A,クラシコ,一般消費財
4430,東海ソフト,情報技術
4432,ウイングアーク１ｓｔ,情報技術
4431,スマレジ,情報技術
4434,サーバーワークス,情報技術
4437,ｇｏｏｄｄａｙｓホールディングス,不動産
4433,ヒト・コミュニケーションズ・ホールディングス,資本財
4436,ミンカブ・ジ・インフォノイド,コミュニケーション・サービス
4438,Ｗｅｌｂｙ,ヘルスケア
443A,ｉＦｒｅｅＥＴＦ　東証ＲＥＩＴ指数（２・５・８・１１月決算型）,N/A
4439,東名,資本財
4440,ヴィッツ,情報技術
4441,トビラシステムズ,情報技術
4442,バルテス・ホールディングス,情報技術
4443,Ｓａｎｓａｎ,情報技術
4444,インフォネット,情報技術
4445,リビン・テクノロジーズ,不動産
4446,Ｌｉｎｋ－Ｕグループ,情報技術
4447,ピー・ビーシステムズ,情報技術
4448,ｋｕｂｅｌｌ,情報技術
4449,ギフティ,一般消費財
444A,アイテル,一般消費財
4450,パワーソリューションズ,情報技術
4452,花王,生活必需品
445A,東洋コーポレーション,不動産
4461,第一工業製薬,素材
4465,ニイタカ,生活必需品
4462,石原ケミカル,素材
4463,日華化学,素材
4464,ソフト９９コーポレーション,素材
446A,ノースサンド,N/A
4471,三洋化成工業,素材
4475,ＨＥＮＮＧＥ,情報技術
4476,ＡＩ　ＣＲＯＳＳ,情報技術
4477,ＢＡＳＥ,情報技術
4478,フリー,情報技術
4479,マクアケ,金融
447A,ステート・ストリート・スパイダー　ゴールド　ＥＴＦ（為替ヘッジなし）,N/A
4480,メドレー,ヘルスケア
4481,ベース,情報技術
4482,ウィルズ,コミュニケーション・サービス
4483,ＪＭＤＣ,ヘルスケア
4484,ランサーズ,情報技術
4486,ユナイトアンドグロウ,情報技術
4487,スペースマーケット,不動産
4488,ＡＩ　ｉｎｓｉｄｅ,情報技術
448A,ステート・ストリート・スパイダー　ゴールド　ＥＴＦ（為替ヘッジあり）,N/A
4490,ビザスク,資本財
4491,コンピューターマネージメント,情報技術
4493,サイバーセキュリティクラウド,情報技術
4492,ゼネテック,情報技術
4494,バリオセキュア,情報技術
4495,アイキューブドシステムズ,情報技術
4496,コマースＯｎｅホールディングス,情報技術
4498,サイバートラスト,情報技術
4499,Ｓｐｅｅｅ,コミュニケーション・サービス
449A,ステート・ストリート・スパイダー　Ｓ＆Ｐ５００　ＥＴＦ（為替ヘッジなし）,N/A
4502,武田薬品工業,ヘルスケア
4503,アステラス製薬,ヘルスケア
4506,住友ファーマ,ヘルスケア
450A,ステート・ストリート・スパイダー　Ｓ＆Ｐ５００　ＥＴＦ（為替ヘッジあり）,N/A
4507,塩野義製薬,ヘルスケア
4512,わかもと製薬,ヘルスケア
451A,ステート・ストリート・スパイダー　Ｓ＆Ｐ５００高配当株　ＥＴＦ,N/A
4516,日本新薬,ヘルスケア
4519,中外製薬,ヘルスケア
4521,科研製薬,ヘルスケア
4523,エーザイ,ヘルスケア
4524,森下仁丹,ヘルスケア
4526,理研ビタミン,生活必需品
4527,ロート製薬,生活必需品
4528,小野薬品工業,ヘルスケア
452A,ｉシェアーズ　Ｓ＆Ｐ　５００　プレミアムインカム　ＥＴＦ,N/A
4530,久光製薬,ヘルスケア
4531,有機合成薬品工業,素材
4534,持田製薬,ヘルスケア
453A,ｉシェアーズ　米国債２０年超　プレミアムインカム　ＥＴＦ,N/A
4539,日本ケミファ,ヘルスケア
4536,参天製薬,ヘルスケア
4538,扶桑薬品工業,ヘルスケア
4540,ツムラ,ヘルスケア
4543,テルモ,ヘルスケア
4544,Ｈ．Ｕ．グループホールディングス,ヘルスケア
4547,キッセイ薬品工業,ヘルスケア
4552,ＪＣＲファーマ,ヘルスケア
4549,栄研化学,ヘルスケア
4548,生化学工業,ヘルスケア
4553,東和薬品,ヘルスケア
4558,中京医薬品,一般消費財
4554,富士製薬工業,ヘルスケア
4556,カイノス,ヘルスケア
4559,ゼリア新薬工業,ヘルスケア
455A,バリューソフトホールディングス,情報技術
4563,アンジェス,ヘルスケア
4564,オンコセラピー・サイエンス,ヘルスケア
4565,ネクセラファーマ,ヘルスケア
4568,第一三共,ヘルスケア
4569,杏林製薬,ヘルスケア
4570,免疫生物研究所,ヘルスケア
456A,ＨＵＭＡＮ　ＭＡＤＥ,一般消費財
4571,ＮＡＮＯホールディングス,ヘルスケア
4572,カルナバイオサイエンス,ヘルスケア
4575,キャンバス,ヘルスケア
4574,大幸薬品,ヘルスケア
4576,デ・ウエスタン・セラピテクス研究所,ヘルスケア
4577,ダイト,ヘルスケア
4578,大塚ホールディングス,ヘルスケア
4579,ラクオリア創薬,ヘルスケア
457A,ルリアン,一般消費財
4582,シンバイオ製薬,ヘルスケア
4583,カイオム・バイオサイエンス,ヘルスケア
4584,キッズウェル・バイオ,ヘルスケア
4586,メドレックス,ヘルスケア
4587,ペプチドリーム,ヘルスケア
4588,オンコリスバイオファーマ,ヘルスケア
458A,プラン・ドゥ,不動産
4591,リボミック,ヘルスケア
4592,サンバイオ,ヘルスケア
4593,ヘリオス,ヘルスケア
4594,ブライトパス・バイオ,ヘルスケア
4596,窪田製薬ホールディングス,ヘルスケア
4595,ミズホメディー,ヘルスケア
4597,ソレイジア・ファーマ,ヘルスケア
4598,Ｄｅｌｔａ－Ｆｌｙ　Ｐｈａｒｍａ,ヘルスケア
459A,野村高利回りＪリート指数ＥＴＦ,N/A
4599,ステムリム,ヘルスケア
4611,大日本塗料,素材
460A,ＢＲＡＮＵ,情報技術
4612,日本ペイントホールディングス,素材
4613,関西ペイント,素材
4615,神東塗料,素材
4619,日本特殊塗料,一般消費財
4616,川上塗料,素材
4617,中国塗料,素材
461A,ＭＡＸＩＳ日本株高配当ＳＭＡＲＴ５０上場投信,N/A
4620,藤倉化成,素材
4624,イサム塗料,素材
4623,アサヒペン,素材
4625,アトミクス,素材
4626,太陽ホールディングス,素材
4628,エスケー化研,素材
4627,ナトコ,素材
462A,ＦＵＮＤＩＮＮＯ,金融
4629,大伸化学,素材
4631,ＤＩＣ,素材
4633,サカタインクス,素材
4634,ａｒｔｉｅｎｃｅ,素材
463A,インテリックスホールディングス,不動産
4635,東京インキ,素材
4641,アルプス技研,資本財
4642,オリジナル設計,資本財
464A,ＱＰＳホールディングス,資本財
4645,市進ホールディングス,生活必需品
4644,イマジニア,コミュニケーション・サービス
4650,ＳＤエンターテイメント,コミュニケーション・サービス
4651,サニックスホールディングス,資本財
4658,日本空調サービス,資本財
4657,環境管理センター,資本財
465A,グローバルＸ　日経平均株主還元４０－日本株式　ＥＴＦ,N/A
4659,エイジス,資本財
4661,オリエンタルランド,一般消費財
4662,フォーカスシステムズ,情報技術
4665,ダスキン,資本財
4664,アール・エス・シー,資本財
4667,アイサンテクノロジー,情報技術
4666,パーク２４,資本財
466A,グローバルＸ　防衛テック　ＥＴＦ,N/A
4668,明光ネットワークジャパン,生活必需品
4674,クレスコ,情報技術
4673,川崎地質,資本財
4671,ファルコホールディングス,ヘルスケア
4676,フジ・メディア・ホールディングス,コミュニケーション・サービス
4679,田谷,一般消費財
467A,グローバルＸ　米ドル建て投資適格社債　ＥＴＦ（為替ヘッジあり）,N/A
4678,秀英予備校,生活必需品
4680,ラウンドワン,一般消費財
4681,リゾートトラスト,一般消費財
4684,オービック,情報技術
4686,ジャストシステム,情報技術
4685,菱友システムズ,資本財
468A,グローバルＸ　米ドル建て投資適格社債　ＥＴＦ,N/A
4687,ＴＤＣソフト,情報技術
4690,日本パレットプール,一般消費財
4689,ＬＩＮＥヤフー,一般消費財
4691,ワシントンホテル,一般消費財
469A,フィットクルー,一般消費財
4694,ビー・エム・エル,ヘルスケア
4704,トレンドマイクロ,情報技術
4705,クリップコーポレーション,生活必需品
470A,ローカル,生活必需品
4709,ＩＤホールディングス,情報技術
4707,キタック,資本財
4714,リソー教育グループ,生活必需品
4712,ＫｅｙＨｏｌｄｅｒ,コミュニケーション・サービス
4716,日本オラクル,情報技術
4718,早稲田アカデミー,生活必需品
471A,ＮＳグループ,資本財
4719,アルファシステムズ,情報技術
4720,城南進学研究社,生活必需品
4722,フューチャー,情報技術
472A,ミラティブ,コミュニケーション・サービス
4725,ＣＡＣ　Ｈｏｌｄｉｎｇｓ,情報技術
4732,ユー・エス・エス,一般消費財
4728,トーセ,コミュニケーション・サービス
473A,ニッセイＥＴＦ　日経２２５インデックス,N/A
4735,京進,生活必需品
4733,オービックビジネスコンサルタント,情報技術
4736,日本ラッド,情報技術
4743,アイティフォー,情報技術
4746,東計電算,情報技術
4750,ダイサン,資本財
4751,サイバーエージェント,コミュニケーション・サービス
4754,トスネット,資本財
4752,昭和システムエンジニアリング,情報技術
4755,楽天グループ,一般消費財
475A,ギミック,ヘルスケア
4760,アルファ,コミュニケーション・サービス
4762,エックスネット,情報技術
4761,さくらケーシーエス,情報技術
4763,クリーク・アンド・リバー社,資本財
4765,ＳＢＩグローバルアセットマネジメント,金融
4766,ピーエイ,資本財
4767,テー・オー・ダブリュー,コミュニケーション・サービス
4768,大塚商会,情報技術
476A,辻・本郷ＩＴコンサルティング,資本財
4769,ＩＣ,情報技術
4771,エフアンドエム,資本財
4777,ガーラ,コミュニケーション・サービス
4776,サイボウズ,情報技術
4772,ＳＭ　ＥＮＴＥＲＴＡＩＮＭＥＮＴ　ＪＡＰＡＮ,コミュニケーション・サービス
477A,スタートライン,資本財
478A,フツパー,情報技術
4784,ＧＭＯインターネット,情報技術
4783,ＮＣＤ,情報技術
479A,ＰＲＯＮＩ,情報技術
4792,山田コンサルティンググループ,資本財
4801,セントラルスポーツ,一般消費財
4800,オリコン,コミュニケーション・サービス
480A,リブ・コンサルティング,資本財
4809,パラカ,資本財
4811,ドリーム・アーツ,情報技術
4812,電通総研,情報技術
4814,ネクストウェア,情報技術
4813,ＡＣＣＥＳＳ,情報技術
4816,東映アニメーション,コミュニケーション・サービス
4819,デジタルガレージ,情報技術
481A,ＪＳｅｃｕｒｉｔｙ,情報技術
4820,イーエムシステムズ,ヘルスケア
4825,ウェザーニューズ,コミュニケーション・サービス
4826,ＣＩＪ,情報技術
4829,日本エンタープライズ,情報技術
4832,ＪＦＥシステムズ,情報技術
4828,ビジネスエンジニアリング,情報技術
4833,Ｄｅｆ　ｃｏｎｓｕｌｔｉｎｇ,資本財
4838,スペースシャワーＳＫＩＹＡＫＩホールディングス,コミュニケーション・サービス
483A,テラテクノロジー,情報技術
4839,ＷＯＷＯＷ,コミュニケーション・サービス
4840,トライアイズ,資本財
4845,スカラ,情報技術
4847,インテリジェント　ウェイブ,情報技術
4848,フルキャストホールディングス,資本財
4849,エン,資本財
486A,ＮＥＸＴ　ＦＵＮＤＳ　ユーロ・ストックス５０指数（為替ヘッジなし）連動型上場投信,N/A
484A,ニューズドテック,情報技術
485A,パワーエックス,資本財
4875,メディシノバ・インク,ヘルスケア
487A,ＮＥＸＴ　ＦＵＮＤＳ　ドイツ株式・ＤＡＸ（為替ヘッジなし）連動型上場投信,N/A
4880,セルソース,ヘルスケア
4882,ペルセウスプロテオミクス,ヘルスケア
4881,ファンペップ,ヘルスケア
4883,モダリス,ヘルスケア
4885,室町ケミカル,素材
4884,クリングルファーマ,ヘルスケア
4886,あすか製薬ホールディングス,ヘルスケア
4887,サワイグループホールディングス,ヘルスケア
4888,ステラファーマ,ヘルスケア
488A,ｉシェアーズ　円高フォーカス　ＥＴＦ,N/A
4890,坪田ラボ,ヘルスケア
4889,レナサイエンス,ヘルスケア
4891,ティムス,ヘルスケア
4892,サイフューズ,ヘルスケア
4894,クオリプス,ヘルスケア
4893,ノイルイミューン・バイオテック,ヘルスケア
4896,ケイファーマ,ヘルスケア
489A,東証ＲＥＩＴ物流フォーカスＥＴＦ,N/A
4901,富士フイルムホールディングス,資本財
490A,センス・トラスト,不動産
4902,コニカミノルタ,資本財
4911,資生堂,生活必需品
4912,ライオン,生活必需品
4914,高砂香料工業,素材
4917,マンダム,生活必需品
491A,ｉシェアーズ　Ｓ＆Ｐ　５００　除く金融　ＥＴＦ（為替ヘッジあり）,N/A
4919,ミルボン,生活必需品
4918,アイビー化粧品,生活必需品
4920,日本色材工業研究所,生活必需品
4922,コーセーホールディングス,生活必需品
4925,ハーバー研究所,生活必需品
4923,コタ,生活必需品
4926,シーボン,生活必需品
4927,ポーラ・オルビスホールディングス,生活必需品
492A,Ｏｎｅ　ＥＴＦ　日本国債　高クーポン（平均残存１０年未満）,N/A
4928,ノエビアホールディングス,生活必需品
4929,アジュバンホールディングス,生活必需品
4931,新日本製薬,一般消費財
4932,アルマード,生活必需品
4933,Ｉ－ｎｅ,生活必需品
4934,プレミアアンチエイジング,生活必需品
4935,リベルタ,生活必需品
4936,アクシージア,生活必需品
493A,Ｏｎｅ　ＥＴＦ　日本国債　１－３年,N/A
4937,Ｗａｑｏｏ,一般消費財
494A,Ｏｎｅ　ＥＴＦ　日本国債　３－７年,N/A
4956,コニシ,素材
4951,エステー,生活必需品
4957,ヤスハラケミカル,素材
4958,長谷川香料,素材
495A,Ｏｎｅ　ＥＴＦ　日本国債　７－１０年,N/A
4960,ケミプロ化成,素材
4966,上村工業,素材
4967,小林製薬,生活必需品
4968,荒川化学工業,素材
496A,Ｏｎｅ　ＥＴＦ　日本国債　１７－２０年,N/A
4970,東洋合成工業,素材
4971,メック,素材
4972,綜研化学,素材
4975,ＪＣＵ,素材
4973,日本高純度化学,素材
4974,タカラバイオ,ヘルスケア
4976,東洋ドライルーブ,素材
497A,インバウンド消費関連　日本株（ネットリターン）ＥＴＮ,N/A
4977,新田ゼラチン,素材
4978,リプロセル,ヘルスケア
4979,ＯＡＴアグリオ,素材
498A,防衛・航空宇宙　欧州株（ネットリターン）ＥＴＮ,N/A
4980,デクセリアルズ,情報技術
4985,アース製薬,生活必需品
4990,昭和化学工業,素材
4992,北興化学工業,素材
4994,大成ラミックグループ,一般消費財
4996,クミアイ化学工業,素材
4997,日本農薬,素材
499A,ラグジュアリー厳選１０　欧州株（ネットリターン）ＥＴＮ,N/A
4998,フマキラー,素材
500A,ラグジュアリー厳選１０　欧州株（ネットリターン）ＥＴＮ,コミュニケーション・サービス
5010,日本精蝋,エネルギー
5011,ニチレキグループ,資本財
5013,ユシロ,素材
5016,ＪＸ金属,情報技術
5018,ＭＯＲＥＳＣＯ,素材
5015,ビーピー・カストロール,エネルギー
5019,出光興産,エネルギー
501A,ラグジュアリー厳選１０　欧州株（ネットリターン）ＥＴＮ,資本財
5020,ＥＮＥＯＳホールディングス,エネルギー
5021,コスモエネルギーホールディングス,エネルギー
5022,レボインターナショナル,N/A
5025,マーキュリー,情報技術
5028,セカンドサイトアナリティカ,情報技術
5026,トリプルアイズ,情報技術
5027,ＡｎｙＭｉｎｄ　Ｇｒｏｕｐ,情報技術
5029,サークレイス,情報技術
5031,モイ,情報技術
502A,グローバルＸ　超短期円建て債券　ＥＴＦ,N/A
5032,ＡＮＹＣＯＬＯＲ,コミュニケーション・サービス
5033,ヌーラボ,情報技術
5035,ＨＯＵＳＥＩ,情報技術
5036,日本ビジネスシステムズ,情報技術
5034,ｕｎｅｒｒｙ,コミュニケーション・サービス
5037,フィットワークス,N/A
5038,ｅＷｅＬＬ,ヘルスケア
503A,グローバルＸ　超短期円建て債券　ＥＴＦ,情報技術
504A,グローバルＸ　超短期円建て債券　ＥＴＦ,ヘルスケア
506A,グローバルＸ　超短期円建て債券　ＥＴＦ,ヘルスケア
505A,グローバルＸ　超短期円建て債券　ＥＴＦ,資本財
5071,ヴィス,資本財
5072,アートフォースジャパン,N/A
5074,テスホールディングス,公益事業
50765,ベルーナ,資本財
5077,インフロニア・ホールディングス,N/A
5076,インフロニア・ホールディングス,資本財
5078,インフロニア・ホールディングス,不動産
507A,グローバルＸ　超短期円建て債券　ＥＴＦ,生活必需品
5079,インフロニア・ホールディングス,資本財
5101,横浜ゴム,一般消費財
5103,昭和ホールディングス,素材
5105,ＴＯＹＯ　ＴＩＲＥ,一般消費財
510A,グローバルＸ　超短期円建て債券　ＥＴＦ,生活必需品
5108,ブリヂストン,一般消費財
5110,住友ゴム工業,一般消費財
5122,オカモト,素材
5121,藤倉コンポジット,一般消費財
5125,ファインズ,コミュニケーション・サービス
5126,ポーターズ,情報技術
5129,ＦＩＸＥＲ,情報技術
512A,グローバルＸ　超短期円建て債券　ＥＴＦ,N/A
5131,リンカーズ,資本財
5130,ヒロホールディングス,N/A
5133,テリロジーホールディングス,情報技術
5132,ｐｌｕｓｚｅｒｏ,情報技術
5135,ＡＩＲ－Ｕ,N/A
5136,ｔｒｉｐｌａ,情報技術
5134,ＰＯＰＥＲ,情報技術
5137,スマートドライブ,情報技術
5139,オープンワーク,情報技術
513A,グローバルＸ　超短期円建て債券　ＥＴＦ,N/A
5138,Ｒｅｂａｓｅ,コミュニケーション・サービス
5142,アキレス,素材
5161,西川ゴム工業,一般消費財
5184,ニチリン,一般消費財
5162,朝日ラバー,一般消費財
5185,フコク,一般消費財
5186,ニッタ,資本財
5189,櫻護謨,一般消費財
5187,クリエートメディック,ヘルスケア
5192,三ツ星ベルト,資本財
5194,相模ゴム工業,生活必需品
5199,不二ラテックス,素材
5195,バンドー化学,資本財
5201,ＡＧＣ,資本財
5202,日本板硝子,一般消費財
5208,有沢製作所,情報技術
5204,石塚硝子,一般消費財
5210,日本山村硝子,一般消費財
5216,倉元製作所,情報技術
5214,日本電気硝子,情報技術
5218,オハラ,情報技術
5233,太平洋セメント,素材
5240,ｍｏｎｏＡＩ　ｔｅｃｈｎｏｌｏｇｙ,情報技術
5232,住友大阪セメント,素材
5237,ノザワ,資本財
5243,ｎｏｔｅ,情報技術
5244,ｊｉｇ．ｊｐ,情報技術
5246,ＥＬＥＭＥＮＴＳ,情報技術
5242,アイズ,情報技術
5248,テクノロジーズ,情報技術
5249,あさかわシステムズ,N/A
5250,プライム・ストラテジー,情報技術
5247,ＢＴＭ,情報技術
5251,ウイズ・ワン,N/A
5252,日本ナレッジ,情報技術
5254,Ａｒｅｎｔ,情報技術
5253,カバー,情報技術
5256,Ｆｕｓｉｃ,情報技術
5255,モンスターラボ,情報技術
5258,トランザクション・メディア・ネットワークス,情報技術
5257,ノバシステム,情報技術
5259,ＢＢＤイニシアティブ,情報技術
5261,リソルホールディングス,一般消費財
5262,日本ヒューム,資本財
5268,旭コンクリート工業,資本財
5271,トーヨーアサノ,資本財
5269,日本コンクリート工業,素材
5273,三谷セキサン,資本財
5279,日本興業,資本財
5280,ヨシコン,不動産
5282,ジオスター,素材
5283,高見澤,素材
5284,ヤマウホールディングス,素材
5285,ヤマックス,素材
5287,イトーヨーギョー,資本財
5288,アジアパイルホールディングス,素材
5290,ベルテクスコーポレーション,素材
5301,東海カーボン,素材
5302,日本カーボン,素材
5304,ＳＥＣカーボン,素材
5310,東洋炭素,資本財
5331,ノリタケ,資本財
5332,ＴＯＴＯ,資本財
5333,日本碍子,資本財
5334,日本特殊陶業,一般消費財
5337,ダントーホールディングス,資本財
5341,ＡＳＡＨＩ　ＥＩＴＯホールディングス,生活必需品
5344,ＭＡＲＵＷＡ,情報技術
5352,黒崎播磨,素材
5351,品川リフラ,資本財
5355,日本坩堝,資本財
5356,美濃窯業,素材
5367,ニッカトー,資本財
5357,ヨータイ,素材
5363,東京窯業,素材
5368,日本インシュレーション,資本財
5380,新東,資本財
5381,マイポックス,素材
5384,フジミインコーポレーテッド,情報技術
5386,鶴弥,資本財
5388,クニミネ工業,素材
5391,エーアンドエーマテリアル,資本財
5393,ニチアス,資本財
5401,日本製鉄,素材
5408,中山製鋼所,素材
5406,神戸製鋼所,素材
5410,合同製鐵,素材
5411,ＪＦＥホールディングス,素材
5440,共英製鋼,素材
5423,東京製鐵,素材
5444,大和工業,素材
5445,東京鐵鋼,素材
5449,大阪製鐵,素材
5446,北越メタル,素材
5461,中部鋼鈑,素材
5458,高砂鐵工,素材
5451,ヨドコウ,素材
5463,丸一鋼管,素材
5464,モリ工業,素材
5480,日本冶金工業,素材
5471,大同特殊鋼,素材
5482,愛知製鋼,素材
5484,東北特殊鋼,素材
5525,フロンティアホールディングス,N/A
5491,日本金属,素材
5527,ｐｒｏｐｅｒｔｙ　ｔｅｃｈｎｏｌｏｇｉｅｓ,不動産
5531,中山不動産,N/A
5528,フロンティアハウス,N/A
5532,リアルゲイト,不動産
5533,エリッツホールディングス,不動産
5535,ミガロホールディングス,不動産
5534,エンゼルグループ,N/A
5536,京橋アートレジデンス,N/A
5537,ＡｌｂａＬｉｎｋ,不動産
5541,大平洋金属,素材
5542,新報国マテリアル,素材
5570,ジェノバ,コミュニケーション・サービス
5563,新日本電工,素材
5572,Ｒｉｄｇｅ－ｉ,情報技術
5571,エキサイトホールディングス,情報技術
5573,働楽ホールディングス,N/A
5578,ＡＲアドバンストテクノロジ,情報技術
5575,Ｇｌｏｂｅｅ,情報技術
5574,ＡＢＥＪＡ,情報技術
5576,オービーシステム,情報技術
5581,カイテクノロジー,情報技術
5582,グリッド,情報技術
5580,プロディライト,情報技術
5584,Ｓｔｒａｗｂｅｒｒｙ　ｊａｍｓ,N/A
5586,Ｌａｂｏｒｏ．ＡＩ,情報技術
5587,インバウンドプラットフォーム,資本財
5588,ファーストアカウンティング,情報技術
5589,オートサーバー,一般消費財
5591,ＡＶＩＬＥＮ,情報技術
5590,ネットスターズ,情報技術
5594,エム・デー・ビー,N/A
5592,くすりの窓口,ヘルスケア
5598,Ｙｏｔｔａｖｉａｓ,情報技術
5597,ブルーイノベーション,情報技術
5599,Ｓ＆Ｊ,情報技術
5602,栗本鐵工所,素材
5603,虹技,資本財
5609,日本鋳造,素材
5612,日本鋳鉄管,資本財
5616,雨風太陽,一般消費財
5617,ウィル・ドゥ,N/A
5618,ナイル,コミュニケーション・サービス
5619,マーソ,ヘルスケア
5620,エスピーオー,N/A
5621,ヒューマンテクノロジーズ,情報技術
5622,ワンビ,N/A
5631,日本製鋼所,資本財
5632,三菱製鋼,素材
5644,メタルアート,資本財
5658,日亜鋼業,資本財
5659,日本精線,資本財
5660,神鋼鋼線工業,素材
5695,パウダーテック,素材
5698,エンビプロ・ホールディングス,資本財
5697,サンユウ,素材
5699,イボキン,資本財
5702,大紀アルミニウム工業所,素材
5703,日本軽金属ホールディングス,素材
5704,ＪＭＣ,資本財
5706,三井金属,資本財
5711,三菱マテリアル,素材
5707,東邦亜鉛,素材
5713,住友金属鉱山,素材
5714,ＤＯＷＡホールディングス,素材
5715,古河機械金属,素材
5721,エス・サイエンス,資本財
5727,東邦チタニウム,素材
5729,日本精鉱,素材
5724,アサカ理研,素材
5726,大阪チタニウムテクノロジーズ,素材
5757,ＣＫサンエツ,資本財
5741,ＵＡＣＪ,素材
5753,日本伸銅,素材
5742,エヌアイシ・オートテック,素材
5802,住友電気工業,一般消費財
5803,フジクラ,資本財
5801,古河電気工業,資本財
5805,ＳＷＣＣ,資本財
5816,オーナンバ,資本財
5817,ＪＭＡＣＳ,情報技術
5820,三ッ星,資本財
5819,カナレ電気,資本財
5830,いよぎんホールディングス,金融
5821,平河ヒューテック,資本財
5832,ちゅうぎんフィナンシャルグループ,金融
5831,しずおかフィナンシャルグループ,金融
5838,楽天銀行,金融
5834,ＳＢＩリーシングサービス,資本財
5842,インテグラル,金融
5840,日本総険,金融
5844,京都フィナンシャルグループ,金融
5843,ニッポンインシュア,金融
5851,リョービ,資本財
5845,全保連,資本財
5852,アーレスティ,資本財
5856,エルアイイーエイチ,資本財
5857,ＡＲＥホールディングス,資本財
5858,ＳＴＧ,資本財
5866,ＷｉｚＢｉｚ,資本財
5867,エスネットワークス,資本財
5868,ロココ,情報技術
5869,早稲田学習研究会,生活必需品
5870,ナルネットコミュニケーションズ,N/A
5871,ＳＯＬＩＺＥ　Ｈｏｌｄｉｎｇｓ,情報技術
5883,ＧＴホールディングス,N/A
5884,クラダシ,生活必需品
5885,ジーデップ・アドバンス,情報技術
5886,ＯＯＫＡＢＥ　ＧＬＡＳＳ,N/A
5887,光響,N/A
5888,ＤＡＩＷＡ　ＣＹＣＬＥ,一般消費財
5889,Ｊａｐａｎ　Ｅｙｅｗｅａｒ　Ｈｏｌｄｉｎｇｓ,ヘルスケア
5890,オフィスバスターズ,N/A
5891,魁力屋,一般消費財
5893,ＲＡＶＩＰＡ,N/A
5892,ｙｕｔｏｒｉ,一般消費財
5900,ダイケン,資本財
5902,ホッカンホールディングス,一般消費財
5905,日本製罐,一般消費財
5901,東洋製罐グループホールディングス,一般消費財
5903,シンポ,資本財
5911,横河ブリッジホールディングス,資本財
5906,エムケー精工,情報技術
5909,コロナ,一般消費財
5915,駒井ハルテック,資本財
5921,川岸工業,素材
5918,瀧上工業,資本財
5923,高田機工,資本財
5922,那須電機鉄工,資本財
5928,アルメタックス,資本財
5929,三和ホールディングス,資本財
5930,文化シヤッター,資本財
5932,三協立山,資本財
5933,アルインコ,情報技術
5936,東洋シヤッター,資本財
5938,ＬＩＸＩＬ,資本財
5939,大谷工業,資本財
5940,不二サッシ,資本財
5941,中西製作所,一般消費財
5942,日本フイルコン,資本財
5943,ノーリツ,資本財
5945,天龍製鋸,資本財
5946,長府製作所,一般消費財
5947,リンナイ,一般消費財
5949,ユニプレス,一般消費財
5950,日本パワーファスニング,資本財
5951,ダイニチ工業,一般消費財
5955,ワイズホールディングス,資本財
5952,アマテイ,資本財
5956,トーソー,一般消費財
5957,日東精工,資本財
5959,岡部,資本財
5962,浅香工業,資本財
5958,三洋工業,資本財
5966,京都機械工具,資本財
5965,フジマック,一般消費財
5967,ＴＯＮＥ,資本財
5969,ロブテックス,資本財
5970,ジーテクト,一般消費財
5971,共和工業所,資本財
5974,中国工業,公益事業
5973,トーアミ,素材
5975,東プレ,一般消費財
5976,高周波熱錬,素材
5981,東京製綱,資本財
5982,マルゼン,資本財
5983,イワブチ,資本財
5984,兼房,資本財
5985,サンコール,一般消費財
5987,オーネックス,資本財
5986,モリテック　スチール,素材
5989,エイチワン,一般消費財
5988,パイオラックス,一般消費財
5990,スーパーツール,資本財
5991,日本発條,一般消費財
5992,中央発條,一般消費財
5994,ファインシンター,資本財
5997,協立エアテック,資本財
5998,アドバネクス,資本財
6005,三浦工業,資本財
6013,タクマ,資本財
6016,ジャパンエンジンコーポレーション,資本財
6018,阪神内燃機工業,資本財
6022,赤阪鐵工所,資本財
6023,ダイハツインフィニアース,資本財
6029,アトラグループ,ヘルスケア
6027,弁護士ドットコム,資本財
6030,アドベンチャー,一般消費財
6034,ＭＲＴ,ヘルスケア
6033,エクストリーム,コミュニケーション・サービス
6031,ＺＥＴＡ,情報技術
6035,アイ・アールジャパンホールディングス,資本財
6036,ＫｅｅＰｅｒ技研,素材
6037,楽待,コミュニケーション・サービス
6038,イード,コミュニケーション・サービス
6039,日本動物高度医療センター,一般消費財
6040,日本スキー場開発,一般消費財
6042,ニッキ,一般消費財
6044,三機サービス,資本財
6046,リンクバル,コミュニケーション・サービス
6045,レントラックス,コミュニケーション・サービス
6047,Ｇｕｎｏｓｙ,情報技術
6049,イトクロ,コミュニケーション・サービス
6050,イー・ガーディアン,情報技術
6054,リブセンス,コミュニケーション・サービス
6055,ジャパンマテリアル,資本財
6059,ウチヤマホールディングス,ヘルスケア
6058,ベクトル,コミュニケーション・サービス
6061,ユニバーサル園芸社,一般消費財
6062,チャーム・ケア・コーポレーション,ヘルスケア
6069,トレンダーズ,コミュニケーション・サービス
6063,日本エマージェンシーアシスタンス,ヘルスケア
6070,キャリアリンク,資本財
6071,ＩＢＪ,一般消費財
6072,地盤ネットホールディングス,資本財
6073,アサンテ,一般消費財
6074,ジェイエスエス,一般消費財
6081,アライドアーキテクツ,コミュニケーション・サービス
6078,バリューＨＲ,ヘルスケア
6080,Ｍ＆Ａキャピタルパートナーズ,金融
6082,ライドオンエクスプレスホールディングス,一般消費財
6085,アーキテクツ・スタジオ・ジャパン,資本財
6083,ＥＲＩホールディングス,資本財
6087,アビスト,資本財
6086,シンメンテホールディングス,資本財
6088,シグマクシス・ホールディングス,資本財
6089,ウィルグループ,資本財
6091,ウエスコホールディングス,資本財
6090,ヒューマン・メタボローム・テクノロジーズ,ヘルスケア
6092,エンバイオ・ホールディングス,資本財
6093,エスクロー・エージェント・ジャパン,資本財
6094,フリークアウト・ホールディングス,コミュニケーション・サービス
6096,レアジョブ,生活必需品
6098,リクルートホールディングス,コミュニケーション・サービス
6099,エラン,ヘルスケア
6101,ツガミ,資本財
6103,オークマ,資本財
6104,芝浦機械,資本財
6113,アマダ,資本財
6118,アイダエンジニアリング,資本財
6125,岡本工作機械製作所,資本財
6134,ＦＵＪＩ,資本財
6135,牧野フライス製作所,資本財
6136,オーエスジー,資本財
6137,小池酸素工業,資本財
6138,ダイジェット工業,資本財
6140,旭ダイヤモンド工業,資本財
6141,ＤＭＧ森精機,資本財
6143,ソディック,資本財
6146,ディスコ,情報技術
6147,ヤマザキ,資本財
6144,西部電機,資本財
6145,ＮＩＴＴＯＫＵ,資本財
6155,高松機械工業,資本財
6149,小田原エンジニアリング,資本財
6151,日東工器,資本財
6150,タケダ機械,資本財
6157,日進工具,資本財
6156,エーワン精密,資本財
6158,和井田製作所,資本財
6159,ミクロン精密,資本財
6161,エスティック,資本財
6165,パンチ工業,資本財
6167,冨士ダイス,資本財
6166,中村超硬,資本財
6168,ＯＮＥ　ＧＲＯＵＰ,N/A
6171,土木管理総合試験所,資本財
6176,ブランジスタ,コミュニケーション・サービス
6173,アクアライン,資本財
6174,デンタス,N/A
6177,ＡｐｐＢａｎｋ,コミュニケーション・サービス
6181,タメニー,一般消費財
6178,日本郵政,金融
6180,ＧＭＯメディア,コミュニケーション・サービス
6182,メタリアル,情報技術
6184,鎌倉新書,一般消費財
6183,ベルシステム２４ホールディングス,資本財
6185,ＳＭＮ,コミュニケーション・サービス
6186,一蔵,一般消費財
6190,フェニックスバイオ,ヘルスケア
6189,グローバルキッズＣＯＭＰＡＮＹ,資本財
6191,エアトリ,一般消費財
6193,バーチャレクス・ホールディングス,情報技術
6194,アトラエ,資本財
6196,ストライク,金融
6195,ホープ,コミュニケーション・サービス
6197,ソラスト,ヘルスケア
6198,キャリア,資本財
6200,インソース,生活必需品
6199,セラク,情報技術
6201,豊田自動織機,資本財
6203,豊和工業,資本財
6208,石川製作所,資本財
6209,リケンＮＰＲ,一般消費財
6210,ＴＯＹＯイノベックス,資本財
6217,津田駒工業,資本財
6218,エンシュウ,資本財
6222,島精機製作所,資本財
6223,西部技研,資本財
6224,ＪＲＣ,資本財
6226,守谷輸送機工業,資本財
6227,ＡＩメカテック,情報技術
6228,ジェイ・イー・ティ,情報技術
6230,ＳＡＮＥＩ,資本財
6229,オーケーエム,資本財
6231,木村工機,資本財
6232,ＡＣＳＬ,情報技術
6233,ＫＬＡＳＳ,資本財
6235,オプトラン,資本財
6237,イワキポンプ,資本財
6239,ナガオカ,エネルギー
6238,フリュー,一般消費財
6240,ヤマシンフィルタ,資本財
6245,ヒラノテクシード,資本財
6248,横田製作所,資本財
6246,テクノスマート,資本財
6247,日阪製作所,資本財
6249,ゲームカードホールディングス,資本財
6255,エヌ・ピー・シー,資本財
6254,野村マイクロ・サイエンス,資本財
6250,やまびこ,資本財
6258,平田機工,資本財
6262,ＰＥＧＡＳＵＳ,資本財
6257,藤商事,一般消費財
6264,マルマエ,資本財
6265,コンバム,資本財
6267,ゼネラルパッカー,資本財
6266,タツモ,情報技術
6268,ナブテスコ,資本財
6272,レオン自動機,資本財
6269,三井海洋開発,エネルギー
6273,ＳＭＣ,資本財
6276,シリウスビジョン,資本財
6279,瑞光,資本財
6278,ユニオンツール,資本財
6277,ホソカワミクロン,資本財
6282,オイレス工業,資本財
6286,靜甲,資本財
6284,日精エー・エス・ビー機械,資本財
6287,サトー,資本財
6291,日本エアーテック,資本財
6292,カワタ,資本財
6289,技研製作所,資本財
6293,日精樹脂工業,資本財
6294,オカダアイヨン,資本財
6298,ワイエイシイホールディングス,情報技術
6301,小松製作所,資本財
6302,住友重機械工業,資本財
6306,日工,資本財
6305,日立建機,資本財
6307,サンセイ,資本財
6309,巴工業,資本財
6315,ＴＯＷＡ,情報技術
6310,井関農機,資本財
6317,北川鉄工所,資本財
6316,丸山製作所,資本財
6323,ローツェ,情報技術
6322,タクミナ,資本財
6325,タカキタ,資本財
6324,ハーモニック・ドライブ・システムズ,資本財
6326,クボタ,資本財
6327,北川精機,資本財
6330,東洋エンジニアリング,資本財
6328,荏原実業,資本財
6332,月島ホールディングス,資本財
6331,三菱化工機,資本財
6333,帝国電機製作所,資本財
6337,テセック,情報技術
6334,明治機械,資本財
6336,石井表記,資本財
6335,東京機械製作所,資本財
6340,澁谷工業,資本財
6338,タカトリ,情報技術
6339,新東工業,資本財
6342,太平製作所,素材
6343,フリージア・マクロス,資本財
6346,キクカワエンタープライズ,資本財
6345,アイチ　コーポレーション,資本財
6347,プラコー,資本財
6349,小森コーポレーション,資本財
6351,鶴見製作所,資本財
6356,日本ギア工業,一般消費財
6357,三精テクノロジーズ,資本財
6358,酒井重工業,資本財
6363,酉島製作所,資本財
6360,東京自働機械製作所,資本財
6361,荏原製作所,資本財
6364,ＡＩＲＭＡＮ,資本財
6365,電業社機械製作所,資本財
6366,千代田化工建設,資本財
6367,ダイキン工業,資本財
6369,トーヨーカネツ,資本財
6368,オルガノ,資本財
6371,椿本チエイン,資本財
6370,栗田工業,資本財
6379,レイズネクスト,資本財
6378,木村化工機,資本財
6376,日機装,資本財
6380,オリエンタルチエン工業,資本財
6381,アネスト岩田,資本財
6382,トリニティ工業,一般消費財
6383,ダイフク,資本財
6384,昭和真空,資本財
6390,加藤製作所,資本財
6387,サムコ,情報技術
6391,加地テック,資本財
6392,ヤマダコーポレーション,資本財
6393,油研工業,資本財
6395,タダノ,資本財
6400,不二精機,資本財
6396,宇野澤組鐵工所,資本財
6402,兼松エンジニアリング,資本財
6403,水道機工,資本財
6405,鈴茂器工,資本財
6406,フジテック,資本財
6408,小倉クラッチ,資本財
6407,ＣＫＤ,資本財
6418,日本金銭機械,資本財
6417,ＳＡＮＫＹＯ,一般消費財
6412,平和,一般消費財
6413,理想科学工業,情報技術
6419,マースグループホールディングス,一般消費財
6420,ガリレイ,資本財
6425,ユニバーサルエンターテインメント,一般消費財
6424,高見沢サイバネティックス,情報技術
6428,オーイズミ,コミュニケーション・サービス
6432,竹内製作所,資本財
6433,ヒーハイスト,資本財
6430,ダイコク電機,情報技術
6436,アマノ,情報技術
6444,サンデン,一般消費財
6445,ジャノメ,一般消費財
6440,ＪＵＫＩ,資本財
6448,ブラザー工業,資本財
6454,マックス,資本財
6455,モリタホールディングス,資本財
6457,グローリー,資本財
6458,新晃工業,資本財
6459,大和冷機工業,資本財
6460,セガサミーホールディングス,コミュニケーション・サービス
6464,ツバキ・ナカシマ,資本財
6463,ＴＰＲ,一般消費財
6466,ＴＶＥ,資本財
6465,ホシザキ,資本財
6467,ニチダイ,資本財
6469,放電精密加工研究所,資本財
6471,日本精工,一般消費財
6470,大豊工業,一般消費財
6472,ＮＴＮ,資本財
6473,ジェイテクト,一般消費財
6474,不二越,資本財
6480,日本トムソン,資本財
6479,ミネベアミツミ,情報技術
6481,ＴＨＫ,資本財
6485,前澤給装工業,資本財
6484,ＫＶＫ,一般消費財
6482,ＹＵＳＨＩＮ,資本財
6486,イーグル工業,資本財
6490,ＰＩＬＬＡＲ,資本財
6488,ヨシタケ,資本財
6489,前澤工業,資本財
6492,岡野バルブ製造,資本財
6493,ＮＩＴＴＡＮ,一般消費財
6494,ＮＦＫホールディングス,資本財
6495,宮入バルブ製作所,資本財
6497,ハマイ,資本財
6496,中北製作所,資本財
6503,三菱電機,資本財
6498,キッツ,資本財
6504,富士電機,資本財
6501,日立製作所,資本財
6505,東洋電機製造,資本財
6508,明電舎,資本財
6506,安川電機,資本財
6507,シンフォニアテクノロジー,資本財
6517,デンヨー,資本財
6518,三相電機,資本財
6516,山洋電気,資本財
6513,オリジン,情報技術
6521,オキサイド,情報技術
6522,アスタリスク,情報技術
6523,ＰＨＣホールディングス,ヘルスケア
6524,湖北工業,情報技術
6525,ＫＯＫＵＳＡＩ　ＥＬＥＣＴＲＩＣ,情報技術
6527,ワカ製作所,N/A
6532,ベイカレント,資本財
6526,ソシオネクスト,資本財
6535,アイモバイル,コミュニケーション・サービス
6533,Ｏｒｃｈｅｓｔｒａ　Ｈｏｌｄｉｎｇｓ,コミュニケーション・サービス
6537,ＷＡＳＨハウス,一般消費財
6538,ディスラプターズ,資本財
6539,ＭＳ－Ｊａｐａｎ,資本財
6540,船場,資本財
6543,日宣,コミュニケーション・サービス
6544,ジャパンエレベーターサービスホールディングス,資本財
6545,インターネットインフィニティー,ヘルスケア
6546,フルテック,資本財
6548,旅工房,一般消費財
6547,グリーンズ,一般消費財
6549,ディーエムソリューションズ,コミュニケーション・サービス
6551,ツナググループ・ホールディングス,資本財
6555,ＭＳ＆Ｃｏｎｓｕｌｔｉｎｇ,情報技術
6552,ＧａｍｅＷｉｔｈ,コミュニケーション・サービス
6554,エスユーエス,資本財
6557,ＡＩＡＩグループ,ヘルスケア
6558,クックビズ,資本財
6560,エル・ティー・エス,資本財
6561,ＨＡＮＡＴＯＵＲ　ＪＡＰＡＮ,一般消費財
6562,ジーニー,コミュニケーション・サービス
6563,みらいワークス,資本財
6564,ミダックホールディングス,資本財
6565,ＡＢホテル,一般消費財
6566,要興業,資本財
6570,共和コーポレーション,一般消費財
6571,キュービーネットホールディングス,一般消費財
6568,神戸天然物化学,素材
6572,オープングループ,情報技術
6577,ベストワンドットコム,一般消費財
6573,ＣＲＡＶＩＡ,コミュニケーション・サービス
6576,揚工舎,N/A
6574,コンヴァノ,一般消費財
6578,コレックホールディングス,資本財
6580,ライトアップ,資本財
6579,ログリー,コミュニケーション・サービス
6584,三櫻工業,一般消費財
6586,マキタ,資本財
6590,芝浦メカトロニクス,情報技術
6588,東芝テック,情報技術
6592,マブチモーター,一般消費財
6596,筑波精工,情報技術
6597,ＨＰＣシステムズ,情報技術
6594,ニデック,資本財
6599,エブレン,情報技術
6614,シキノハイテック,情報技術
6612,バルミューダ,一般消費財
6613,ＱＤレーザ,情報技術
6615,ユー・エム・シー・エレクトロニクス,情報技術
6617,東光高岳,資本財
6616,トレックス・セミコンダクター,情報技術
6619,ダブル・スコープ,資本財
6620,宮越ホールディングス,金融
6625,ＪＡＬＣＯホールディングス,情報技術
6622,ダイヘン,資本財
6626,ＳＥＭＩＴＥＣ,情報技術
6627,テラプローブ,情報技術
6629,テクノホライゾン,情報技術
6630,ヤーマン,生活必需品
6633,ＣＧＳホールディングス,情報技術
6632,ＪＶＣケンウッド,一般消費財
6634,ネクスグループ,情報技術
6637,寺崎電気産業,資本財
6638,ミマキエンジニアリング,情報技術
6635,大日光・エンジニアリング,情報技術
6643,戸上電機製作所,資本財
6644,大崎電気工業,情報技術
6645,オムロン,情報技術
6647,森尾電機,資本財
6648,かわでん,資本財
6651,日東工業,資本財
6653,正興電機製作所,情報技術
6652,ＩＤＥＣ,資本財
6654,不二電機工業,資本財
6658,シライ電子工業,情報技術
6656,インスペック,情報技術
6659,メディアリンクス,情報技術
6662,ユビテック,情報技術
6663,太洋テクノレックス,情報技術
6664,オプトエレクトロニクス,情報技術
6670,ＭＣＪ,情報技術
6666,リバーエレテック,情報技術
6668,アドテック　プラズマ　テクノロジー,資本財
6675,サクサ,情報技術
6674,ジーエス・ユアサ　コーポレーション,一般消費財
6676,ＢＵＦＦＡＬＯ,情報技術
6677,エスケーエレクトロニクス,情報技術
6678,テクノメディカ,ヘルスケア
6695,キャストリコ,N/A
6696,トラース・オン・プロダクト,情報技術
6694,ズーム,情報技術
6699,ダイヤモンドエレクトリックホールディングス,一般消費財
6701,日本電気,情報技術
6702,富士通,情報技術
6703,沖電気工業,情報技術
6707,サンケン電気,情報技術
6706,電気興業,情報技術
6718,アイホン,情報技術
6721,ウインテスト,情報技術
6723,ルネサスエレクトロニクス,情報技術
6727,ワコム,情報技術
6724,セイコーエプソン,情報技術
6728,アルバック,資本財
6730,アクセル,情報技術
6731,ピクセラ,情報技術
6734,ニューテック,情報技術
6736,サン電子,情報技術
6737,ＥＩＺＯ,情報技術
6740,ジャパンディスプレイ,情報技術
6741,日本信号,資本財
6742,京三製作所,情報技術
6743,大同信号,資本財
6745,ホーチキ,資本財
6744,能美防災,資本財
6750,エレコム,情報技術
6748,星和電機,資本財
6753,シャープ,情報技術
6752,パナソニック　ホールディングス,情報技術
6757,ＯＳＧコーポレーション,資本財
6754,アンリツ,情報技術
6758,ソニーグループ,情報技術
6762,ＴＤＫ,情報技術
6763,帝国通信工業,資本財
6768,タムラ製作所,情報技術
6769,ザインエレクトロニクス,情報技術
6770,アルプスアルパイン,情報技術
6772,東京コスモス電機,情報技術
6771,池上通信機,情報技術
6775,ＴＢグループ,情報技術
6778,アルチザネットワークス,情報技術
6779,日本電波工業,情報技術
6776,天昇電気工業,一般消費財
6777,ｓａｎｔｅｃ　Ｈｏｌｄｉｎｇｓ,情報技術
6785,鈴木,情報技術
6788,日本トリム,資本財
6786,ＲＶＨ,情報技術
6787,メイコー,情報技術
6794,フォスター電機,情報技術
6797,名古屋電機工業,資本財
6800,ヨコオ,情報技術
6798,ＳＭＫ,情報技術
6804,ホシデン,資本財
6803,ティアック,情報技術
6807,日本航空電子工業,情報技術
6806,ヒロセ電機,情報技術
6809,ＴＯＡ,資本財
6810,マクセル,情報技術
6814,古野電気,情報技術
6817,スミダコーポレーション,情報技術
6822,大井電気,情報技術
6820,アイコム,情報技術
6819,伊豆シャボテンリゾート,一般消費財
6824,新コスモス電機,情報技術
6823,リオン,ヘルスケア
6834,精工技研,情報技術
6832,アオイ電子,情報技術
6836,ぷらっとホーム,情報技術
6837,京写,情報技術
6835,アライドテレシスホールディングス,情報技術
6838,多摩川ホールディングス,資本財
6841,横河電機,資本財
6844,新電元工業,情報技術
6840,ＡＫＩＢＡホールディングス,情報技術
6845,アズビル,資本財
6849,日本光電工業,ヘルスケア
6848,東亜ディーケーケー,情報技術
6850,チノー,情報技術
6853,共和電業,情報技術
6855,日本電子材料,情報技術
6856,堀場製作所,情報技術
6857,アドバンテスト,情報技術
6858,小野測器,情報技術
6862,ミナトホールディングス,情報技術
6859,エスペック,情報技術
6861,キーエンス,情報技術
6863,ニレコ,情報技術
6866,日置電機,情報技術
6867,リーダー電子,情報技術
6864,エヌエフホールディングス,情報技術
6870,日本フェンオール,資本財
6869,シスメックス,ヘルスケア
6874,協立電機,情報技術
6871,日本マイクロニクス,情報技術
6877,ＯＢＡＲＡ　ＧＲＯＵＰ,資本財
6875,メガチップス,情報技術
6888,アクモス,情報技術
6882,三社電機製作所,資本財
6898,トミタ電機,情報技術
6897,ツインバード,一般消費財
6894,パルステック工業,資本財
6890,フェローテック,情報技術
6899,ＡＳＴＩ,情報技術
6902,デンソー,一般消費財
6901,澤藤電機,一般消費財
6904,原田工業,情報技術
6905,コーセル,資本財
6907,ジオマテック,情報技術
6908,イリソ電子工業,情報技術
6912,菊水ホールディングス,資本財
6915,千代田インテグレ,情報技術
6914,オプテックスグループ,情報技術
6919,ケル,情報技術
6918,アバールデータ,情報技術
6920,レーザーテック,情報技術
6923,スタンレー電気,一般消費財
6925,ウシオ電機,資本財
6926,岡谷電機産業,情報技術
6928,エノモト,情報技術
6927,ヘリオス　テクノ　ホールディング,情報技術
6929,日本セラミック,情報技術
6932,遠藤照明,一般消費財
6941,山一電機,情報技術
6942,ソフィアホールディングス,情報技術
6943,ＮＫＫスイッチズ,資本財
6946,日本アビオニクス,資本財
6951,日本電子,情報技術
6947,図研,情報技術
6954,ファナック,資本財
6952,カシオ計算機,情報技術
6955,ＦＤＫ,資本財
6958,日本シイエムケイ,情報技術
6960,フクダ電子,ヘルスケア
6961,エンプラス,情報技術
6962,大真空,情報技術
6964,サンコー,情報技術
6965,浜松ホトニクス,情報技術
6963,ローム,情報技術
6969,松尾電機,情報技術
6966,三井ハイテック,情報技術
6977,日本抵抗器製作所,情報技術
6971,京セラ,資本財
6981,村田製作所,情報技術
6976,太陽誘電,情報技術
6989,北陸電気工業,情報技術
6988,日東電工,素材
6982,リード,一般消費財
6986,双葉電子工業,情報技術
6993,大黒屋ホールディングス,金融
6994,指月電機製作所,資本財
6995,東海理化電機製作所,一般消費財
6996,ニチコン,情報技術
6997,日本ケミコン,情報技術
6998,日本タングステン,資本財
6999,ＫＯＡ,情報技術
7003,三井Ｅ＆Ｓ,資本財
7011,三菱重工業,資本財
7004,カナデビア,資本財
7012,川崎重工業,資本財
7013,ＩＨＩ,資本財
7014,名村造船所,資本財
7021,ニッチツ,資本財
7018,内海造船,資本財
7022,サノヤスホールディングス,資本財
7030,スプリックス,生活必需品
7031,インバウンドテック,資本財
7033,マネジメントソリューションズ,資本財
7034,プロレド・パートナーズ,資本財
7035,ａｎｄ　ｆａｃｔｏｒｙ,情報技術
7036,イーエムネットジャパン,コミュニケーション・サービス
7037,テノ．ホールディングス,ヘルスケア
7038,フロンティア・マネジメント,資本財
7039,ブリッジインターナショナルグループ,資本財
7040,サン・ライフホールディング,一般消費財
7041,ＣＲＧホールディングス,資本財
7042,アクセスグループ・ホールディングス,一般消費財
7043,アルー,資本財
7046,ＴＤＳＥ,情報技術
7044,ピアラ,コミュニケーション・サービス
7047,ポート,コミュニケーション・サービス
7048,ベルトラ,一般消費財
7049,識学,資本財
7050,フロンティアインターナショナル,コミュニケーション・サービス
7056,マルク,N/A
7057,エヌ・シー・エヌ,資本財
7059,コプロ・ホールディングス,資本財
7058,共栄セキュリティーサービス,資本財
7060,ギークス,情報技術
7062,フレアス,一般消費財
7061,日本ホスピスホールディングス,ヘルスケア
7064,ハウテレビジョン,資本財
7063,Ｂｉｒｄｍａｎ,コミュニケーション・サービス
7065,ユーピーアール,資本財
7066,ピアズ,資本財
7068,フィードフォースグループ,コミュニケーション・サービス
7069,サイバー・バズ,コミュニケーション・サービス
7067,ブランディングテクノロジー,コミュニケーション・サービス
7071,アンビスホールディングス,ヘルスケア
7072,インティメート・マージャー,情報技術
7073,ジェイック,生活必需品
7074,トゥエンティーフォーセブンホールディングス,一般消費財
7075,ＱＬＳホールディングス,資本財
7078,ＩＮＣＬＵＳＩＶＥ　Ｈｏｌｄｉｎｇｓ,コミュニケーション・サービス
7077,ＡＬｉＮＫインターネット,コミュニケーション・サービス
7080,スポーツフィールド,資本財
7079,ＷＤＢココ,ヘルスケア
7081,コーユーレンティア,資本財
7083,ＡＨＣグループ,ヘルスケア
7084,Ｓｍｉｌｅ　Ｈｏｌｄｉｎｇｓ,一般消費財
7082,ジモティー,コミュニケーション・サービス
7085,カーブスホールディングス,一般消費財
7089,フォースタートアップス,資本財
7090,リグア,ヘルスケア
7088,フォーラムエンジニアリング,資本財
7087,ウイルテック,情報技術
7091,リビングプラットフォーム,ヘルスケア
7092,Ｆａｓｔ　Ｆｉｔｎｅｓｓ　Ｊａｐａｎ,一般消費財
7094,ＮｅｘＴｏｎｅ,資本財
7093,アディッシュ,情報技術
7095,Ｍａｃｂｅｅ　Ｐｌａｎｅｔ,コミュニケーション・サービス
7096,ステムセル研究所,ヘルスケア
7098,エージェント,N/A
7097,さくらさくプラス,ヘルスケア
7102,日本車輌製造,資本財
7111,ＩＮＥＳＴ,資本財
7105,三菱ロジスネクスト,資本財
7110,クラシコム,一般消費財
7114,フーディソン,生活必需品
7115,アルファパーチェス,資本財
7116,ダイワ通信,資本財
7112,キューブ,一般消費財
7120,ＳＨＩＮＫＯ,情報技術
7122,近畿車輛,資本財
7119,ハルメクホールディングス,資本財
7126,グローバルスタイル,一般消費財
7127,一家ホールディングス,一般消費財
7128,ユニソルホールディングス,資本財
7130,ヤマエグループホールディングス,資本財
7129,ミアヘルサホールディングス,ヘルスケア
7131,のむら産業,一般消費財
7132,フローバル,N/A
7134,アップガレージグループ,一般消費財
7133,ＨＹＵＧＡ　ＰＲＩＭＡＲＹ　ＣＡＲＥ,ヘルスケア
7135,ジャパンクラフトホールディングス,一般消費財
7137,グラントマト,一般消費財
7138,ＴＯＲＩＣＯ,コミュニケーション・サービス
7136,ウェルビングループ,N/A
7139,東京高圧山崎,素材
7140,ペットゴー,ヘルスケア
7148,ＦＰＧ,金融
7150,島根銀行,金融
7157,ライフネット生命保険,金融
7161,じもとホールディングス,金融
7162,アストマックス,金融
7164,全国保証,金融
7167,めぶきフィナンシャルグループ,金融
7170,中央インターナショナルグループ,金融
7172,ジャパンインベストメントアドバイザー,資本財
7173,東京きらぼしフィナンシャルグループ,金融
7175,今村証券,金融
7176,シンプレクス・ファイナンシャル・ホールディングス,金融
7177,ＧＭＯフィナンシャルホールディングス,金融
7180,九州フィナンシャルグループ,金融
7181,かんぽ生命保険,金融
7182,ゆうちょ銀行,金融
7183,あんしん保証,金融
7184,富山第一銀行,金融
7185,ヒロセ通商,金融
7186,横浜フィナンシャルグループ,金融
7187,ジェイリース,不動産
7189,西日本フィナンシャルホールディングス,金融
7192,日本モーゲージサービス,金融
7191,イントラスト,金融
7196,Ｃａｓａ,金融
7198,ＳＢＩアルヒ,金融
7199,プレミアグループ,金融
7201,日産自動車,一般消費財
7202,いすゞ自動車,一般消費財
7203,トヨタ自動車,一般消費財
7205,日野自動車,資本財
7208,カネミツ,一般消費財
7211,三菱自動車工業,一般消費財
7213,レシップホールディングス,情報技術
7212,エフテック,一般消費財
7215,ファルテック,一般消費財
7214,ＧＭＢ,一般消費財
7217,テイン,一般消費財
7218,田中精密工業,一般消費財
7219,エッチ・ケー・エス,一般消費財
7220,武蔵精密工業,一般消費財
7226,極東開発工業,資本財
7224,新明和工業,資本財
7222,日産車体,一般消費財
7228,デイトナ,一般消費財
7231,トピー工業,一般消費財
7236,ティラド,一般消費財
7235,東京ラヂエーター製造,一般消費財
7229,ユタカ技研,一般消費財
7240,ＮＯＫ,一般消費財
7238,曙ブレーキ工業,一般消費財
7239,タチエス,一般消費財
7241,フタバ産業,一般消費財
7242,カヤバ,一般消費財
7246,プレス工業,一般消費財
7244,市光工業,一般消費財
7245,大同メタル工業,一般消費財
7247,ミクニ,一般消費財
7250,太平洋工業,一般消費財
7254,ユニバンス,一般消費財
7255,桜井製作所,一般消費財
7256,河西工業,一般消費財
7264,ムロコーポレーション,一般消費財
7259,アイシン,一般消費財
7261,マツダ,一般消費財
7265,エイケン工業,資本財
7267,本田技研工業,一般消費財
7266,今仙電機製作所,一般消費財
7269,スズキ,一般消費財
7270,ＳＵＢＡＲＵ,一般消費財
7273,イクヨ,一般消費財
7272,ヤマハ発動機,一般消費財
7271,安永,一般消費財
7276,小糸製作所,一般消費財
7277,ＴＢＫ,一般消費財
7278,エクセディ,一般消費財
7279,ハイレックスコーポレーション,資本財
7282,豊田合成,一般消費財
7280,ミツバ,一般消費財
7283,愛三工業,一般消費財
7284,盟和産業,一般消費財
7287,日本精機,一般消費財
7291,日本プラスト,一般消費財
7292,村上開明堂,一般消費財
7294,ヨロズ,一般消費財
7296,エフ・シー・シー,一般消費財
7297,カーメイト,一般消費財
7299,フジオーゼックス,一般消費財
7305,新家工業,素材
7309,シマノ,一般消費財
7313,テイ・エス　テック,一般消費財
7318,セレンディップ・ホールディングス,資本財
7314,小田原機器,資本財
7320,Ｓｏｌｖｖｙ,情報技術
7317,松屋アールアンドディ,資本財
7322,三十三フィナンシャルグループ,金融
7325,アイリックコーポレーション,金融
7326,ＳＢＩインシュアランスグループ,金融
7327,第四北越フィナンシャルグループ,金融
7345,アイ・パートナーズフィナンシャル,金融
7343,ブロードマインド,金融
7337,ひろぎんホールディングス,金融
7347,マーキュリアホールディングス,金融
7350,おきなわフィナンシャルグループ,金融
7351,グッドパッチ,情報技術
7352,ＴＷＯＳＴＯＮＥ＆Ｓｏｎｓ,資本財
7353,ＫＩＹＯラーニング,生活必需品
7354,ダイレクトマーケティングミックス,コミュニケーション・サービス
7356,Ｒｅｔｔｙ,コミュニケーション・サービス
7355,一寸房,N/A
7357,ジオコード,コミュニケーション・サービス
7358,ポピンズ,一般消費財
7360,オンデック,金融
7361,ヒューマンクリエイションホールディングス,資本財
7359,東京通信グループ,コミュニケーション・サービス
7362,Ｔ．Ｓ．Ｉ,ヘルスケア
7363,ベビーカレンダー,ヘルスケア
7364,琉球アスティーダスポーツクラブ,N/A
7366,ＬＩＴＡＬＩＣＯ,生活必需品
7367,セルム,資本財
7368,表示灯,コミュニケーション・サービス
7369,メイホーホールディングス,資本財
7370,Ｅｎｊｉｎ,コミュニケーション・サービス
7371,Ｚｅｎｋｅｎ,資本財
7374,コンフィデンス・インターワークス,資本財
7373,アイドマ・ホールディングス,資本財
7372,デコルテ・ホールディングス,一般消費財
7375,リファインバースグループ,素材
7377,ＤＮホールディングス,資本財
7376,ＢＣＣ,資本財
7378,アシロ,一般消費財
7380,十六フィナンシャルグループ,金融
7383,ネットプロテクションズホールディングス,金融
7381,ＣＣＩグループ,金融
7384,プロクレアホールディングス,金融
7388,ＦＰパートナー,金融
7409,ＡｅｒｏＥｄｇｅ,資本財
7389,あいちフィナンシャルグループ,金融
7399,ナンシン,資本財
7412,アトム,一般消費財
7413,創健社,生活必需品
7417,南陽,資本財
7416,はるやまホールディングス,一般消費財
7419,ノジマ,一般消費財
7414,小野建,資本財
7420,佐鳥電機,情報技術
7421,カッパ・クリエイト,一般消費財
7422,東邦レマック,一般消費財
7425,初穂商事,素材
7426,山大,素材
7427,エコートレーディング,生活必需品
7433,伯東,情報技術
7434,オータケ,資本財
7435,ナ・デックス,資本財
7438,コンドーテック,資本財
7442,中山福,一般消費財
7443,横浜魚類,生活必需品
7444,ハリマ共和物産,一般消費財
7447,ナガイレーベン,一般消費財
7446,東北化学薬品,素材
7450,サンデー,一般消費財
7453,良品計画,一般消費財
7458,第一興商,一般消費財
7455,パリミキホールディングス,一般消費財
7456,松田産業,素材
7459,メディパルホールディングス,ヘルスケア
7461,キムラ,素材
7460,ヤギ,一般消費財
7462,ＣＡＰＩＴＡ,エネルギー
7464,セフテック,資本財
7463,アドヴァングループ,素材
7467,萩原電気ホールディングス,情報技術
7466,ＳＰＫ,一般消費財
7472,鳥羽洋行,資本財
7475,アルビス,生活必需品
7476,アズワン,ヘルスケア
7477,ムラキ,一般消費財
7480,スズデン,資本財
7481,尾家産業,生活必需品
7482,シモジマ,一般消費財
7483,ドウシシャ,資本財
7486,サンリン,エネルギー
7494,コナカ,一般消費財
7487,小津産業,素材
7490,日新商事,資本財
7500,西川計測,情報技術
7501,ティムコ,一般消費財
7502,プラザホールディングス,一般消費財
7504,高速,一般消費財
7505,扶桑電通,情報技術
7506,ハウス　オブ　ローゼ,一般消費財
7508,Ｇ‐７ホールディングス,生活必需品
7512,イオン北海道,一般消費財
7509,アイエーグループ,資本財
7510,たけびし,情報技術
7513,コジマ,一般消費財
7515,マルヨシセンター,生活必需品
7516,コーナン商事,一般消費財
7514,ヒマラヤ,一般消費財
7520,エコス,生活必需品
7523,アールビバン,一般消費財
7521,ムサシ,資本財
7522,ワタミ,一般消費財
7524,マルシェ,一般消費財
7527,システムソフト,情報技術
7525,リックス,資本財
7531,清和中央ホールディングス,素材
7532,パン・パシフィック・インターナショナルホールディングス,生活必需品
7537,丸文,情報技術
7538,大水,生活必需品
7539,アイナボホールディングス,資本財
7544,スリーエフ,生活必需品
7550,ゼンショーホールディングス,一般消費財
7545,西松屋チェーン,一般消費財
75505,ベルーナ,N/A
7552,ゼンショーホールディングス,一般消費財
7551,ゼンショーホールディングス,一般消費財
7554,ゼンショーホールディングス,一般消費財
7555,大田花き,生活必需品
7561,ハークスレイ,一般消費財
7562,安楽亭,一般消費財
7565,萬世電機,情報技術
7564,ワークマン,一般消費財
7567,栄電子,資本財
7570,橋本総業ホールディングス,資本財
7571,ヤマノホールディングス,資本財
7575,日本ライフライン,ヘルスケア
7578,ニチリョク,一般消費財
7581,サイゼリヤ,一般消費財
7585,かんなん丸,一般消費財
7590,タカショー,一般消費財
7593,ＶＴホールディングス,一般消費財
7596,魚力,生活必需品
7595,アルゴグラフィックス,情報技術
7599,ＩＤＯＭ,一般消費財
7600,日本エム・ディ・エム,ヘルスケア
7602,レダックス,一般消費財
7601,ポプラ,一般消費財
7603,ジーイエット,一般消費財
7604,梅の花グループ,一般消費財
7606,ユナイテッドアローズ,一般消費財
7608,エスケイジャパン,一般消費財
7609,ダイトロン,情報技術
7610,テイツー,一般消費財
7607,進和,資本財
7611,ハイデイ日高,一般消費財
7615,京都きもの友禅ホールディングス,一般消費財
7613,シークス,情報技術
7614,オーエムツーネットワーク,生活必需品
7621,うかい,一般消費財
7616,コロワイド,一般消費財
7624,ＮａＩＴＯ,資本財
7619,田中商事,情報技術
7625,グローバルダイニング,一般消費財
7628,オーハシテクニカ,一般消費財
7630,壱番屋,一般消費財
7634,星医療酸器,ヘルスケア
7635,杉田エース,資本財
7636,ハンズマン,一般消費財
7637,白銅,資本財
7638,ＮＥＷ　ＡＲＴ　ＨＯＬＤＩＮＧＳ,一般消費財
7643,ダイイチ,生活必需品
7640,トップカルチャー,一般消費財
7646,ＰＬＡＮＴ,生活必需品
7649,スギホールディングス,ヘルスケア
7670,オーウエル,資本財
7673,ダイコー通産,情報技術
7677,ヤシマキザイ,資本財
7674,ＮＡＴＴＹ　ＳＷＡＮＫＹホールディングス,一般消費財
7679,薬王堂ホールディングス,ヘルスケア
7678,あさくま,一般消費財
7680,軽自動車館,一般消費財
7681,レオクラン,ヘルスケア
7685,ＢｕｙＳｅｌｌ　Ｔｅｃｈｎｏｌｏｇｉｅｓ,一般消費財
7686,ひとまいる,生活必需品
7682,浜木綿,一般消費財
7683,ダブルエー,一般消費財
7691,Ｃ　Ｃｈａｎｎｅｌ,コミュニケーション・サービス
7690,カレント自動車,N/A
7689,コパ・コーポレーション,コミュニケーション・サービス
7687,ミクリード,生活必需品
7694,いつも,資本財
7693,北海道歯科産業,N/A
7692,アースインフィニティ,公益事業
7695,交換できるくん,一般消費財
7698,アイスコ,生活必需品
7699,オムニ・プラス・システム・リミテッド　ＪＤＲ,資本財
7701,島津製作所,情報技術
7702,ＪＭＳ,ヘルスケア
7707,プレシジョン・システム・サイエンス,ヘルスケア
7709,クボテック,情報技術
7716,ナカニシ,ヘルスケア
7715,長野計器,情報技術
7711,助川電気工業,資本財
7713,シグマ光機,情報技術
7717,ブイ・テクノロジー,資本財
7718,スター精密,資本財
7721,東京計器,情報技術
7719,東京衡機,資本財
7726,黒田精工,資本財
7725,インターアクション,情報技術
7722,国際計測器,資本財
7723,愛知時計電機,情報技術
7729,東京精密,情報技術
7727,オーバル,情報技術
7730,マニー,ヘルスケア
7731,ニコン,一般消費財
7733,オリンパス,ヘルスケア
7735,ＳＣＲＥＥＮホールディングス,情報技術
7734,理研計器,資本財
7739,キヤノン電子,資本財
7741,ＨＯＹＡ,ヘルスケア
7740,タムロン,一般消費財
7743,シード,ヘルスケア
7744,ノーリツ鋼機,情報技術
7746,岡本硝子,情報技術
7745,Ａ＆Ｄホロンホールディングス,情報技術
7747,朝日インテック,ヘルスケア
7749,メディキット,ヘルスケア
7752,リコー,資本財
7751,キヤノン,情報技術
7760,ＩＭＶ,情報技術
7762,シチズン時計,一般消費財
7774,ジャパン・ティッシュエンジニアリング,ヘルスケア
7771,日本精密,一般消費財
7769,リズム,一般消費財
7775,大研医器,ヘルスケア
7776,セルシード,ヘルスケア
7779,ＣＹＢＥＲＤＹＮＥ,ヘルスケア
7777,スリー・ディー・マトリックス,ヘルスケア
7780,メニコン,ヘルスケア
7781,平山ホールディングス,資本財
7791,ドリームベッド,一般消費財
7782,シンシア,ヘルスケア
7795,ＫＹＯＲＩＴＳＵ,資本財
7792,コラントッテ,ヘルスケア
7793,イメージ・マジック,資本財
7794,イーディーピー,一般消費財
7803,ブシロード,コミュニケーション・サービス
7804,ビーアンドピー,コミュニケーション・サービス
7800,アミファ,一般消費財
7808,シー・エス・ランバー,素材
7806,ＭＴＧ,生活必需品
7805,プリントネット,資本財
7807,幸和製作所,一般消費財
7809,壽屋,一般消費財
7812,クレステック,資本財
7810,クロスフォー,一般消費財
7811,中本パックス,資本財
7813,プラッツ,ヘルスケア
7815,東京ボード工業,素材
7818,トランザクション,生活必需品
7814,日本創発グループ,資本財
7819,粧美堂,生活必需品
7820,ニホンフラッシュ,資本財
7822,永大産業,一般消費財
7821,前田工繊,素材
7823,アートネイチャー,生活必需品
7826,フルヤ金属,情報技術
7827,オービス,資本財
7831,ウイルコホールディングス,資本財
7832,バンダイナムコホールディングス,一般消費財
7836,アビックス,情報技術
7833,アイフィスジャパン,資本財
7837,アールシーコア,不動産
7839,ＳＨＯＥＩ,一般消費財
7841,遠藤製作所,一般消費財
7840,フランスベッドホールディングス,一般消費財
7844,マーベラス,コミュニケーション・サービス
7846,パイロットコーポレーション,資本財
7847,グラファイトデザイン,一般消費財
7849,スターツ出版,コミュニケーション・サービス
7850,総合商研,資本財
7856,萩原工業,一般消費財
7851,カワセコンピュータサプライ,資本財
7857,セキ,コミュニケーション・サービス
7859,アルメディオ,情報技術
7860,エイベックス,コミュニケーション・サービス
7865,ピープル,一般消費財
7864,フジシールインターナショナル,一般消費財
7863,平賀,資本財
7871,フクビ化学工業,資本財
7868,広済堂ホールディングス,資本財
7867,タカラトミー,一般消費財
7872,エステールホールディングス,一般消費財
7875,竹田ｉＰホールディングス,コミュニケーション・サービス
7874,レック,生活必需品
7877,永大化工,素材
7878,光・彩,一般消費財
7879,ノダ,資本財
7883,サンメッセ,資本財
7886,ヤマト　モビリティ　＆　Ｍｆｇ．,素材
7885,タカノ,一般消費財
7888,三光合成,情報技術
7887,南海プライウッド,一般消費財
7893,プロネクサス,資本財
7897,ホクシン,素材
7898,ウッドワン,一般消費財
7896,セブン工業,資本財
7908,きもと,情報技術
7901,マツモト,素材
7902,ソノコム,情報技術
7906,ヨネックス,一般消費財
7912,大日本印刷,資本財
7911,ＴＯＰＰＡＮホールディングス,資本財
7915,ＮＩＳＳＨＡ,情報技術
7914,共同印刷,資本財
7916,光村印刷,資本財
7917,ＺＡＣＲＯＳ,一般消費財
7918,ヴィア・ホールディングス,一般消費財
7919,野崎印刷紙業,資本財
7921,ＴＡＫＡＲＡ　＆　ＣＯＭＰＡＮＹ,資本財
7922,三光産業,資本財
7923,トーイン,一般消費財
7925,前澤化成工業,素材
7928,旭化学工業,資本財
7927,ムトー精工,情報技術
7931,未来工業,資本財
7932,ニッピ,一般消費財
7937,ツツミ,一般消費財
7936,アシックス,一般消費財
7938,リーガルコーポレーション,一般消費財
7939,研創,資本財
7940,ウェーブロックホールディングス,素材
7943,ニチハ,資本財
7942,ＪＳＰ,一般消費財
7944,ローランド,一般消費財
7946,光陽社,資本財
7947,エフピコ,一般消費財
7949,小松ウオール工業,資本財
7951,ヤマハ,一般消費財
7952,河合楽器製作所,一般消費財
7953,菊水化学工業,資本財
7955,クリナップ,一般消費財
7956,ピジョン,生活必需品
7962,キングジム,資本財
7957,フジコピアン,資本財
7963,興研,ヘルスケア
7965,象印マホービン,一般消費財
7970,信越ポリマー,素材
7966,リンテック,素材
7972,イトーキ,一般消費財
7974,任天堂,コミュニケーション・サービス
7971,東リ,資本財
7975,リヒトラブ,資本財
7976,三菱鉛筆,資本財
7979,松風,ヘルスケア
7980,重松製作所,ヘルスケア
7981,タカラスタンダード,一般消費財
7983,ミロク,資本財
7984,コクヨ,資本財
7986,日本アイ・エス・ケイ,素材
7985,ネポン,資本財
7987,ナカバヤシ,資本財
7988,ニフコ,一般消費財
7990,グローブライド,一般消費財
7989,立川ブラインド工業,一般消費財
7991,マミヤ・オーピー,資本財
7992,セーラー万年筆,資本財
7994,オカムラ,資本財
7995,バルカー,資本財
7999,ＭＵＴＯＨホールディングス,資本財
7997,くろがね工作所,一般消費財
8001,伊藤忠商事,資本財
8002,丸紅,資本財
8007,高島,素材
8005,スクロール,一般消費財
8006,ユアサ・フナショク,生活必需品
8008,ヨンドシーホールディングス,一般消費財
8011,三陽商会,一般消費財
8013,ナイガイ,一般消費財
8012,長瀬産業,素材
8014,蝶理,資本財
8016,オンワードホールディングス,一般消費財
8015,豊田通商,資本財
8018,三共生興,一般消費財
8020,兼松,資本財
8023,ＤＡＩＫＯ　ＸＴＥＣＨ,情報技術
8022,美津濃,一般消費財
8025,ツカモトコーポレーション,一般消費財
8029,ルックホールディングス,一般消費財
8030,中央魚類,生活必需品
8032,日本紙パルプ商事,素材
8031,三井物産,資本財
8035,東京エレクトロン,情報技術
8037,カメイ,エネルギー
8039,築地魚市場,生活必需品
8040,東京ソワール,一般消費財
8041,ＯＵＧホールディングス,生活必需品
8045,横浜丸魚,生活必需品
8043,スターゼン,生活必需品
8046,丸藤シートパイル,素材
8052,椿本興業,資本財
8051,山善,資本財
8050,セイコーグループ,一般消費財
8053,住友商事,資本財
8056,ＢＩＰＲＯＧＹ,情報技術
8058,三菱商事,資本財
8057,内田洋行,資本財
8060,キヤノンマーケティングジャパン,資本財
8059,第一実業,資本財
8061,西華産業,資本財
8065,佐藤商事,素材
8066,三谷商事,資本財
8070,東京産業,資本財
8074,ユアサ商事,資本財
8075,神鋼商事,素材
8076,カノークス,素材
8077,トルク,資本財
8078,阪和興業,資本財
8079,正栄食品工業,生活必需品
8081,カナデン,資本財
8084,ＲＹＯＤＥＮ,情報技術
8085,ナラサキ産業,資本財
8086,ニプロ,ヘルスケア
8088,岩谷産業,資本財
8091,ニチモウ,生活必需品
8089,ナイス,資本財
8093,極東貿易,情報技術
8095,アステナホールディングス,資本財
8097,三愛オブリ,エネルギー
8101,ＧＳＩクレオス,一般消費財
8098,稲畑産業,素材
8104,クワザワホールディングス,素材
8103,明和産業,資本財
8105,Ｂｉｔｃｏｉｎ　Ｊａｐａｎ,一般消費財
8107,キムラタン,一般消費財
8111,ゴールドウイン,一般消費財
8117,中央自動車工業,一般消費財
8115,ムーンバット,一般消費財
8113,ユニ・チャーム,生活必需品
8118,キング,一般消費財
8125,ワキタ,資本財
8123,川辺,一般消費財
8119,三栄コーポレーション,一般消費財
8129,東邦ホールディングス,ヘルスケア
8127,ヤマトインターナショナル,一般消費財
8130,サンゲツ,一般消費財
8131,ミツウロコグループホールディングス,エネルギー
8132,シナネンホールディングス,エネルギー
8133,伊藤忠エネクス,エネルギー
8135,ゼット,一般消費財
8138,三京化成,素材
8137,サンワテクノス,情報技術
8136,サンリオ,一般消費財
8139,ナガホリ,一般消費財
8143,ラピーヌ,一般消費財
8141,新光商事,情報技術
8142,トーホー,生活必需品
8144,デンキョーグループホールディングス,情報技術
8150,三信電気,情報技術
8147,トミタ,資本財
8151,東陽テクニカ,情報技術
8152,ソマール,素材
8154,加賀電子,情報技術
8153,モスフードサービス,一般消費財
8157,都築電気,資本財
8160,木曽路,一般消費財
8158,ソーダニッカ,素材
8159,立花エレテック,情報技術
8163,ＳＲＳホールディングス,一般消費財
8165,千趣会,一般消費財
8167,リテールパートナーズ,生活必需品
8166,タカキュー,一般消費財
8173,上新電機,一般消費財
8174,日本瓦斯,公益事業
8181,東天紅,一般消費財
8179,ロイヤルホールディングス,一般消費財
8185,チヨダ,一般消費財
8194,ライフコーポレーション,生活必需品
8198,マックスバリュ東海,生活必需品
8200,リンガーハット,一般消費財
8202,ラオックスホールディングス,一般消費財
8209,フレンドリー,一般消費財
8207,テンアライド,一般消費財
8203,ＭｒＭａｘＨＤ,生活必需品
8214,ＡＯＫＩホールディングス,一般消費財
8217,オークワ,一般消費財
8219,青山商事,一般消費財
8218,コメリ,一般消費財
8225,タカチホ,一般消費財
8226,理経,情報技術
8227,しまむら,一般消費財
8230,はせがわ,一般消費財
8233,高島屋,一般消費財
8244,近鉄百貨店,一般消費財
8237,松屋,一般消費財
8242,エイチ・ツー・オー　リテイリング,生活必需品
8247,大和,一般消費財
8252,丸井グループ,金融
8253,クレディセゾン,金融
8255,アクシアル　リテイリング,生活必需品
8254,さいか屋,一般消費財
8260,井筒屋,一般消費財
8267,イオン,一般消費財
8273,イズミ,一般消費財
8276,平和堂,一般消費財
8275,フォーバル,情報技術
8278,フジ,一般消費財
8281,ゼビオホールディングス,一般消費財
8283,ＰＡＬＴＡＣ,生活必需品
8282,ケーズホールディングス,一般消費財
8285,三谷産業,資本財
8289,Ｏｌｙｍｐｉｃグループ,一般消費財
8303,ＳＢＩ新生銀行,金融
8291,日産東京販売ホールディングス,一般消費財
8301,日本銀行　出資証券,金融
8308,りそなホールディングス,金融
8304,あおぞら銀行,金融
8306,三菱ＵＦＪフィナンシャル・グループ,金融
8309,三井住友トラストグループ,金融
8331,千葉銀行,金融
8316,三井住友フィナンシャルグループ,金融
8336,武蔵野銀行,金融
8334,群馬銀行,金融
8337,千葉興業銀行,金融
8341,七十七銀行,金融
8338,筑波銀行,金融
8343,秋田銀行,金融
8344,山形銀行,金融
8345,岩手銀行,金融
8346,東邦銀行,金融
8349,東北銀行,金融
8354,ふくおかフィナンシャルグループ,金融
8358,スルガ銀行,金融
8359,八十二長野銀行,金融
8360,山梨中央銀行,金融
8361,大垣共立銀行,金融
8362,福井銀行,金融
8364,清水銀行,金融
8365,富山銀行,金融
8366,滋賀銀行,金融
8367,南都銀行,金融
8368,百五銀行,金融
8377,ほくほくフィナンシャルグループ,金融
8370,紀陽銀行,金融
8383,鳥取銀行,金融
8381,山陰合同銀行,金融
8386,百十四銀行,金融
8387,四国銀行,金融
8388,阿波銀行,金融
8399,琉球銀行,金融
8392,大分銀行,金融
8393,宮崎銀行,金融
8395,佐賀銀行,金融
8416,高知銀行,金融
8410,セブン銀行,金融
8411,みずほフィナンシャルグループ,金融
8418,山口フィナンシャルグループ,金融
8439,東京センチュリー,資本財
8425,みずほリース,金融
8421,信金中央金庫　優先出資証券,金融
8424,芙蓉総合リース,資本財
8473,ＳＢＩホールディングス,金融
8508,Ｊトラスト,金融
8511,日本証券金融,金融
8515,アイフル,金融
8518,日本アジア投資,金融
8522,名古屋銀行,金融
8537,大光銀行,金融
8524,北洋銀行,金融
8541,愛媛銀行,金融
8542,トマト銀行,金融
8544,京葉銀行,金融
8550,栃木銀行,金融
8551,北日本銀行,金融
8558,東和銀行,金融
8562,福島銀行,金融
8563,大東銀行,金融
8570,イオンフィナンシャルサービス,金融
8584,ジャックス,金融
8566,リコーリース,金融
8572,アコム,金融
8585,オリエントコーポレーション,金融
8591,オリックス,金融
8593,三菱ＨＣキャピタル,金融
8595,ジャフコ　グループ,金融
8596,九州リースサービス,資本財
8600,トモニホールディングス,金融
8604,野村ホールディングス,金融
8601,大和証券グループ本社,金融
8609,岡三証券グループ,金融
8614,東洋証券,金融
8617,光世証券,金融
8613,丸三証券,金融
8616,東海東京フィナンシャル・ホールディングス,金融
8622,水戸証券,金融
8630,ＳＯＭＰＯホールディングス,金融
8628,松井証券,金融
8624,いちよし証券,金融
8697,日本取引所グループ,金融
8699,ＨＳホールディングス,金融
8700,丸八証券,金融
8698,マネックスグループ,金融
8704,トレイダーズホールディングス,金融
8706,極東証券,金融
8705,日産証券グループ,金融
8708,アイザワ証券グループ,金融
8707,岩井コスモホールディングス,金融
8713,フィデアホールディングス,金融
8714,池田泉州ホールディングス,金融
8715,アニコム　ホールディングス,金融
8725,ＭＳ＆ＡＤインシュアランスグループホールディングス,金融
8729,ソニーフィナンシャルグループ,金融
8739,スパークス・グループ,金融
8737,あかつき本社,金融
8742,小林洋行,金融
8746,ｕｎｂａｎｋｅｄ,金融
8750,第一生命ホールディングス,金融
8747,豊トラスティ証券,金融
8769,アドバンテッジリスクマネジメント,ヘルスケア
8766,東京海上ホールディングス,金融
8771,イー・ギャランティ,金融
8772,アサックス,金融
8783,ａｂｃ,金融
8789,フィンテック　グローバル,金融
8793,ＮＥＣキャピタルソリューション,資本財
8795,Ｔ＆Ｄホールディングス,金融
8798,アドバンスクリエイト,金融
8801,三井不動産,不動産
8802,三菱地所,不動産
8803,平和不動産,不動産
8804,東京建物,不動産
8818,京阪神ビルディング,不動産
8830,住友不動産,不動産
8835,太平洋興発,資本財
8836,ＲＩＳＥ,不動産
8844,コスモスイニシア,不動産
8848,レオパレス２１,不動産
8841,テーオーシー,不動産
8850,スターツコーポレーション,不動産
8864,空港施設,不動産
8860,フジ住宅,不動産
8869,明和地所,不動産
8871,ゴールドクレスト,不動産
8881,日神グループホールディングス,不動産
8877,エスリード,不動産
8876,リログループ,資本財
8887,シーラホールディングス,不動産
8891,ＡＭＧホールディングス,不動産
8892,エスコン,不動産
8898,センチュリー２１・ジャパン,不動産
8904,ＡＶＡＮＴＩＡ,一般消費財
8894,ＲＥＶＯＬＵＴＩＯＮ,不動産
8897,ＭＩＲＡＲＴＨホールディングス,不動産
8912,エリアクエスト,不動産
8914,エリアリンク,不動産
8908,毎日コムネット,不動産
8917,ファースト住建,一般消費財
8921,シーズクリエイト,N/A
8918,ランド,不動産
8920,東祥,資本財
8919,カチタス,一般消費財
8923,トーセイ,不動産
8927,明豊エンタープライズ,不動産
8929,青山財産ネットワークス,不動産
8928,穴吹興産,不動産
8935,ＦＪネクストホールディングス,不動産
8934,サンフロンティア不動産,不動産
8931,和田興産,不動産
8938,グローム・ホールディングス,不動産
8944,ランドビジネス,不動産
8945,サンネクスタグループ,不動産
8951,日本ビルファンド投資法人,不動産
8946,ＡＳＩＡＮ　ＳＴＡＲ,不動産
8952,ジャパンリアルエステイト投資法人,不動産
8954,オリックス不動産投資法人,不動産
8955,日本プライムリアルティ投資法人,不動産
8953,日本都市ファンド投資法人,不動産
8956,ＮＴＴ都市開発リート投資法人,不動産
8957,東急リアル・エステート投資法人,不動産
8958,グローバル・ワン不動産投資法人,不動産
8960,ユナイテッド・アーバン投資法人,不動産
8963,インヴィンシブル投資法人,不動産
8961,森トラストリート投資法人,不動産
8964,フロンティア不動産投資法人,不動産
8966,平和不動産リート投資法人,不動産
8972,ＫＤＸ不動産投資法人,不動産
8967,日本ロジスティクスファンド投資法人,不動産
8968,福岡リート投資法人,不動産
8975,いちごオフィスリート投資法人,不動産
8976,大和証券オフィス投資法人,不動産
8977,阪急阪神リート投資法人,不動産
8979,スターツプロシード投資法人,不動産
8984,大和ハウスリート投資法人,不動産
8985,ジャパン・ホテル・リート投資法人,不動産
8987,ジャパンエクセレント投資法人,不動産
8986,大和証券リビング投資法人,不動産
8995,誠建設工業,不動産
8996,ハウスフリーダム,不動産
8999,グランディハウス,不動産
9003,相鉄ホールディングス,資本財
9001,東武鉄道,資本財
9006,京浜急行電鉄,資本財
9005,東急,一般消費財
9007,小田急電鉄,資本財
9008,京王電鉄,資本財
9009,京成電鉄,資本財
9010,富士急行,資本財
9012,秩父鉄道,資本財
9017,新潟交通,資本財
9021,西日本旅客鉄道,資本財
9020,東日本旅客鉄道,資本財
9023,東京地下鉄,資本財
9022,東海旅客鉄道,資本財
9024,西武ホールディングス,資本財
9025,鴻池運輸,資本財
9028,ゼロ,一般消費財
9029,ヒガシホールディングス,資本財
9031,西日本鉄道,資本財
9033,広島電鉄,資本財
9034,南総通運,資本財
9036,東部ネットワーク,資本財
9037,ハマキョウレックス,資本財
9039,サカイ引越センター,資本財
9041,近鉄グループホールディングス,資本財
9042,阪急阪神ホールディングス,資本財
9044,南海電気鉄道,資本財
9045,京阪ホールディングス,資本財
9048,名古屋鉄道,資本財
9046,神戸電鉄,資本財
9049,京福電気鉄道,資本財
9051,センコン物流,資本財
9052,山陽電気鉄道,資本財
9057,遠州トラック,資本財
9059,カンダホールディングス,資本財
9063,岡山県貨物運送,資本財
9060,日本ロジテム,資本財
9064,ヤマトホールディングス,資本財
9065,山九,資本財
9068,丸全昭和運輸,資本財
9067,丸運,資本財
9069,センコーグループホールディングス,資本財
9072,ニッコンホールディングス,資本財
9073,京極運輸商事,資本財
9074,日本石油輸送,資本財
9075,福山通運,資本財
9081,神奈川中央交通,資本財
9076,セイノーホールディングス,資本財
9082,大和自動車交通,一般消費財
9083,神姫バス,資本財
9101,日本郵船,資本財
9087,タカセ,資本財
9090,ＡＺ－ＣＯＭ丸和ホールディングス,資本財
9104,商船三井,資本財
9110,ＮＳユナイテッド海運,資本財
9115,明海グループ,資本財
9107,川崎汽船,資本財
9119,飯野海運,資本財
9127,玉井商船,資本財
9142,九州旅客鉄道,資本財
9130,共栄タンカー,資本財
9143,ＳＧホールディングス,資本財
9145,ビーイングホールディングス,資本財
9146,五健堂ホールディングス,N/A
9149,大友ロジスティクスサービス,N/A
9147,ＮＩＰＰＯＮ　ＥＸＰＲＥＳＳホールディングス,資本財
9156,はなホールディングス,N/A
9158,シーユーシー,ヘルスケア
9159,Ｗ　ＴＯＫＹＯ,コミュニケーション・サービス
9160,ノバレーゼ,一般消費財
9162,ブリーチ,コミュニケーション・サービス
9163,ナレルグループ,資本財
9165,クオルテック,資本財
9166,ＧＥＮＤＡ,一般消費財
9168,ライズ・コンサルティング・グループ,資本財
9169,大伸社,N/A
9171,栗林商船,資本財
9173,東海汽船,資本財
9193,東京汽船,資本財
9201,日本航空,資本財
92025,ベルーナ,N/A
9202,ＡＮＡホールディングス,資本財
9204,ＡＮＡホールディングス,資本財
9206,ＡＮＡホールディングス,資本財
9211,エフ・コード,コミュニケーション・サービス
9212,Ｇｒｅｅｎ　Ｅａｒｔｈ　Ｉｎｓｔｉｔｕｔｅ,素材
9213,セイファート,資本財
9214,Ｒｅｃｏｖｅｒｙ　Ｉｎｔｅｒｎａｔｉｏｎａｌ,ヘルスケア
9215,ＣａＳｙ,情報技術
9216,ビーウィズ,資本財
9219,ギックス,情報技術
9218,メンタルヘルステクノロジーズ,ヘルスケア
9220,エフビー介護サービス,ヘルスケア
9221,フルハシＥＰＯ,資本財
9222,ｍａｎａｂｙ,資本財
9223,ＡＳＮＯＶＡ,資本財
9225,ブリッジコンサルティンググループ,資本財
9227,マイクロ波化学,素材
9226,アイガー,N/A
9229,サンウェルズ,ヘルスケア
9235,売れるネット広告社グループ,コミュニケーション・サービス
9236,ジャパンＭ＆Ａソリューション,資本財
9237,笑美面,資本財
9233,アジア航測,資本財
9238,バリュークリエーション,コミュニケーション・サービス
9239,ケーイーティ,N/A
9240,デリバリーコンサルティング,情報技術
9241,フューチャーリンクネットワーク,コミュニケーション・サービス
9242,メディア総研,資本財
9244,デジタリフト,コミュニケーション・サービス
9243,富士テクノホールディングス,資本財
9245,リベロ,コミュニケーション・サービス
9247,ＴＲＥホールディングス,資本財
9246,プロジェクトホールディングス,資本財
9248,人・夢・技術グループ,資本財
9249,日本エコシステム,コミュニケーション・サービス
9251,ＡＢ＆Ｃｏｍｐａｎｙ,一般消費財
9252,ラストワンマイル,資本財
9250,ＧＲＣＳ,情報技術
9253,スローガン,資本財
9254,ラバブルマーケティンググループ,コミュニケーション・サービス
9256,サクシード,生活必需品
9257,ＹＣＰホールディングス（グローバル）リミテッド　ＪＤＲ,金融
9258,ＣＳ－Ｃ,コミュニケーション・サービス
9259,タカヨシホールディングス,生活必需品
9264,ポエック,資本財
9262,シルバーライフ,生活必需品
9265,ヤマシタヘルスケアホールディングス,ヘルスケア
9267,Ｇｅｎｋｙ　ＤｒｕｇＳｔｏｒｅｓ,ヘルスケア
9268,オプティマスグループ,一般消費財
9270,バリュエンスホールディングス,一般消費財
9272,ブティックス,一般消費財
9271,和心,一般消費財
9274,ＫＰＰグループホールディングス,素材
9273,コーア商事ホールディングス,ヘルスケア
9279,ギフトホールディングス,一般消費財
9278,ブックオフグループホールディングス,一般消費財
9282,いちごグリーンインフラ投資法人,不動産
9284,カナディアン・ソーラー・インフラ投資法人,不動産
9285,東京インフラ・エネルギー投資法人,公益事業
9286,エネクス・インフラ投資法人,不動産
9287,ジャパン・インフラファンド投資法人,公益事業
9301,三菱倉庫,資本財
9302,三井倉庫ホールディングス,資本財
9303,住友倉庫,資本財
9304,澁澤倉庫,資本財
9305,ヤマタネ,資本財
9306,東陽倉庫,資本財
9307,杉村倉庫,資本財
9308,乾汽船,資本財
9311,アサガミ,資本財
9313,丸八倉庫,資本財
9310,日本トランスシティ,資本財
9312,ケイヒン,資本財
9319,中央倉庫,資本財
9325,ファイズホールディングス,資本財
9322,川西倉庫,資本財
9324,安田倉庫,資本財
9326,関通,資本財
9327,イー・ロジット,資本財
9331,キャスター,資本財
9330,揚羽,コミュニケーション・サービス
9332,ＮＩＳＳＯホールディングス,資本財
9334,アイビスホールディングス,N/A
9335,テクノクリエイティブ,N/A
9336,大栄環境,資本財
9337,トリドリ,情報技術
9338,ＩＮＦＯＲＩＣＨ,資本財
9339,コーチ・エィ,生活必需品
9340,アソインターナショナル,ヘルスケア
9341,ＧＥＮＯＶＡ,ヘルスケア
9342,スマサポ,不動産
9343,アイビス,情報技術
9344,アクシスコンサルティング,資本財
9345,ビズメイツ,生活必需品
9346,ココルポート,資本財
9347,日本管財ホールディングス,不動産
9348,ｉｓｐａｃｅ,情報技術
9351,東洋埠頭,資本財
9353,櫻島埠頭,資本財
9355,リンコーコーポレーション,資本財
9360,鈴与シンワート,情報技術
9361,伏木海陸運送,資本財
9362,兵機海運,資本財
9363,大運,資本財
9364,上組,資本財
9366,サンリツ,資本財
9365,トレーディア,資本財
9367,大東港運,資本財
9376,ユーラシア旅行社,一般消費財
9368,キムラユニティー,資本財
9369,キユーソー流通システム,資本財
9380,東海運,資本財
9381,エーアイテイー,資本財
9385,ショーエイコーポレーション,コミュニケーション・サービス
9399,ビート・ホールディングス・リミテッド,情報技術
9401,ＴＢＳホールディングス,コミュニケーション・サービス
9405,朝日放送グループホールディングス,コミュニケーション・サービス
9404,日本テレビホールディングス,コミュニケーション・サービス
9408,ＢＳＮメディアホールディングス,情報技術
9413,テレビ東京ホールディングス,コミュニケーション・サービス
9412,スカパーＪＳＡＴホールディングス,コミュニケーション・サービス
9414,日本ＢＳ放送,コミュニケーション・サービス
9409,テレビ朝日ホールディングス,コミュニケーション・サービス
9417,スマートバリュー,情報技術
9419,ワイヤレスゲート,コミュニケーション・サービス
9416,ビジョン,コミュニケーション・サービス
9418,Ｕ－ＮＥＸＴ　ＨＯＬＤＩＮＧＳ,資本財
9424,日本通信,コミュニケーション・サービス
9421,エヌジェイホールディングス,コミュニケーション・サービス
9423,フォーバル・リアルストレート,不動産
9425,ＲｅＹｕｕ　Ｊａｐａｎ,情報技術
9432,ＮＴＴ,コミュニケーション・サービス
9428,クロップス,コミュニケーション・サービス
9434,ソフトバンク,コミュニケーション・サービス
9433,ＫＤＤＩ,コミュニケーション・サービス
94345,ベルーナ,コミュニケーション・サービス
94346,ベルーナ,コミュニケーション・サービス
9436,沖縄セルラー電話,コミュニケーション・サービス
9435,光通信,資本財
9439,エム・エイチ・グループ,一般消費財
9438,エムティーアイ,ヘルスケア
9444,トーシンホールディングス,一般消費財
9441,ベルパーク,一般消費財
9445,フォーバルテレコム,コミュニケーション・サービス
9446,サカイホールディングス,コミュニケーション・サービス
9450,ファイバーゲート,コミュニケーション・サービス
9449,ＧＭＯインターネットグループ,コミュニケーション・サービス
9466,アイドママーケティングコミュニケーション,コミュニケーション・サービス
9467,アルファポリス,コミュニケーション・サービス
9470,学研ホールディングス,生活必需品
9468,ＫＡＤＯＫＡＷＡ,コミュニケーション・サービス
9474,ゼンリン,コミュニケーション・サービス
9475,昭文社ホールディングス,コミュニケーション・サービス
9476,中央経済社ホールディングス,コミュニケーション・サービス
9478,ＳＥホールディングス・アンド・インキュベーションズ,コミュニケーション・サービス
9501,東京電力ホールディングス,公益事業
9502,中部電力,公益事業
9503,関西電力,公益事業
9504,中国電力,公益事業
9506,東北電力,公益事業
9505,北陸電力,公益事業
9507,四国電力,公益事業
9511,沖縄電力,公益事業
9509,北海道電力,公益事業
9508,九州電力,公益事業
9513,電源開発,公益事業
9519,レノバ,公益事業
9514,エフオン,公益事業
9517,イーレックス,公益事業
9533,東邦瓦斯,公益事業
9531,東京瓦斯,公益事業
9532,大阪瓦斯,公益事業
9534,北海道瓦斯,公益事業
9535,広島ガス,エネルギー
9537,北陸瓦斯,公益事業
9536,西部ガスホールディングス,公益事業
9539,京葉瓦斯,公益事業
9543,静岡ガス,公益事業
9552,クオンツ総研ホールディングス,金融
9551,メタウォーター,資本財
9553,マイクロアド,情報技術
9556,ＩＮＴＬＯＯＰ,資本財
9554,ＡＶｉＣ,コミュニケーション・サービス
9557,エアークローゼット,一般消費財
9558,ジャパニアス,情報技術
9562,ビジネスコーチ,生活必需品
9560,プログリット,生活必需品
9561,グラッドキューブ,情報技術
9563,Ａｔｌａｓ　Ｔｅｃｈｎｏｌｏｇｉｅｓ,情報技術
9564,ＦＣＥ,資本財
9601,松竹,コミュニケーション・サービス
9565,ＧＬＯＥ,コミュニケーション・サービス
9602,東宝,コミュニケーション・サービス
9603,エイチ・アイ・エス,一般消費財
9610,ウィルソン・ラーニング　ワールドワイド,資本財
9605,東映,コミュニケーション・サービス
9612,ラックランド,資本財
9616,共立メンテナンス,一般消費財
9621,建設技術研究所,資本財
9619,イチネンホールディングス,資本財
9622,スペース,資本財
9625,セレスポ,コミュニケーション・サービス
9627,アインホールディングス,ヘルスケア
9628,燦ホールディングス,一般消費財
9629,ピー・シー・エー,情報技術
9632,スバル興業,資本財
9635,武蔵野興業,不動産
9633,東京テアトル,資本財
9636,きんえい,コミュニケーション・サービス
9639,三協フロンテア,不動産
9640,セゾンテクノロジー,情報技術
9644,タナベコンサルティンググループ,資本財
9647,協和コンサルタンツ,資本財
9658,ビジネスブレイン太田昭和,情報技術
9656,グリーンランドリゾート,一般消費財
9651,日本プロセス,情報技術
9661,歌舞伎座,不動産
9672,東京都競馬,一般消費財
9663,ナガワ,資本財
9678,カナモト,資本財
9682,ＤＴＳ,情報技術
9684,スクウェア・エニックス・ホールディングス,コミュニケーション・サービス
9679,ホウライ,金融
9685,ＫＹＣＯＭホールディングス,情報技術
9687,ＫＳＫ,情報技術
9691,両毛システムズ,情報技術
9686,東洋テック,資本財
9697,カプコン,コミュニケーション・サービス
9692,シーイーシー,情報技術
9698,クレオ,情報技術
9699,ニシオホールディングス,資本財
9702,アイ・エス・ビー,情報技術
9701,東京會舘,一般消費財
9704,アゴーラ　ホスピタリティー　グループ,一般消費財
9706,日本空港ビルデング,資本財
9708,帝国ホテル,一般消費財
9709,ＮＣＳ＆Ａ,情報技術
9713,ロイヤルホテル,一般消費財
9715,トランス・コスモス,情報技術
9720,ホテル、ニューグランド,一般消費財
9716,乃村工藝社,資本財
9719,ＳＣＳＫ,情報技術
9722,藤田観光,一般消費財
9729,トーカイ,資本財
9723,京都ホテル,一般消費財
9726,ＫＮＴ－ＣＴホールディングス,一般消費財
9731,白洋舎,一般消費財
9733,ナガセ,生活必需品
9735,セコム,資本財
9739,ＮＳＷ,情報技術
9740,セントラル警備保障,資本財
9742,アイネス,情報技術
9743,丹青社,資本財
9744,メイテックグループホールディングス,資本財
9746,ＴＫＣ,情報技術
9753,アイエックス・ナレッジ,情報技術
9755,応用地質,資本財
9757,船井総研ホールディングス,資本財
9759,ＮＳＤ,情報技術
9760,進学会ホールディングス,資本財
9761,東海リース,不動産
9763,丸建リース,資本財
9765,オオバ,資本財
9767,日建工学,資本財
9766,コナミグループ,コミュニケーション・サービス
9768,いであ,資本財
9769,学究社,生活必需品
9778,昴,生活必需品
9780,ハリマビステム,資本財
9790,福井コンピュータホールディングス,情報技術
9791,ビケンテクノ,資本財
9788,ナック,資本財
9782,ディーエムエス,コミュニケーション・サービス
9795,ステップ,生活必需品
9793,ダイセキ,資本財
9799,旭情報サービス,情報技術
9812,テーオーホールディングス,素材
9816,ストライダーズ,不動産
9818,大丸エナウィン,公益事業
9820,エムティジェネックス,資本財
9823,マミーマートホールディングス,生活必需品
9827,リリカラ,一般消費財
9824,泉州電業,情報技術
9830,トラスコ中山,資本財
9828,Ｇｅｎｋｉ　Ｇｌｏｂａｌ　Ｄｉｎｉｎｇ　Ｃｏｎｃｅｐｔｓ,一般消費財
9831,ヤマダホールディングス,一般消費財
9832,オートバックスセブン,一般消費財
9835,ジュンテンドー,一般消費財
9842,アークランズ,一般消費財
9837,モリト,一般消費財
9843,ニトリホールディングス,一般消費財
9845,パーカーコーポレーション,資本財
9846,天満屋ストア,生活必需品
9849,共同紙販ホールディングス,資本財
9850,グルメ杵屋,一般消費財
9854,愛眼,一般消費財
9853,銀座ルノアール,一般消費財
9856,ケーユーホールディングス,一般消費財
9857,英和,資本財
9861,吉野家ホールディングス,一般消費財
9867,ソレキア,情報技術
9869,加藤産業,生活必需品
9872,北恵,資本財
9876,コックス,一般消費財
9880,イノテック,情報技術
9878,セキド,一般消費財
9882,イエローハット,一般消費財
9885,シャルレ,一般消費財
9888,ＵＥＸ,素材
9887,松屋フーズホールディングス,一般消費財
9889,ＪＢＣＣホールディングス,情報技術
9890,マキヤ,生活必需品
9895,コンセック,資本財
9896,ＪＫホールディングス,資本財
9900,サガミホールディングス,一般消費財
9903,カンセキ,一般消費財
9902,日伝,資本財
9906,藤井産業,資本財
9904,ベリテ,一般消費財
9914,植松商会,資本財
9927,ワットマン,一般消費財
9913,日邦産業,情報技術
9908,日本電計,資本財
9928,ミロク情報サービス,情報技術
9929,平和紙業,素材
9930,北沢産業,資本財
9932,杉本商事,資本財
9936,王将フードサービス,一般消費財
9941,太洋物産,生活必需品
9934,因幡電機産業,資本財
9946,ミニストップ,生活必需品
9948,アークス,一般消費財
9955,ヨンキュウ,生活必需品
9956,バローホールディングス,一般消費財
9950,ハチバン,一般消費財
9959,アシードホールディングス,生活必需品
9960,東テク,情報技術
9969,ショクブン,一般消費財
9962,ミスミグループ本社,資本財
9976,セキチュー,一般消費財
9973,ＫＯＺＯホールディングス,一般消費財
9972,アルテック,資本財
9974,ベルク,生活必需品
9980,ＭＲＫホールディングス,一般消費財
9982,タキヒヨー,一般消費財
9978,文教堂グループホールディングス,一般消費財
9979,大庄,一般消費財
9983,ファーストリテイリング,一般消費財
9986,蔵王産業,資本財
9984,ソフトバンクグループ,コミュニケーション・サービス
9987,スズケン,ヘルスケア
9989,サンドラッグ,ヘルスケア
9991,ジェコス,資本財
9990,サックスバー　ホールディングス,一般消費財
9993,ヤマザワ,生活必需品
9994,やまや,生活必需品
9997,ベルーナ,一般消費財
9996,サトー商会,生活必需品