ticker,sector
AEF,金融
AEG,金融
AEHL,資本財
AEHR,情報技術
AEIS,資本財
AEI,不動産
AEM,素材
AEMD,ヘルスケア
AEMS,N/A
AEON,ヘルスケア
AENTW,N/A
AEO,一般消費財
AENT,コミュニケーション・サービス
AEP,公益事業
AERT,資本財
AER,資本財
AERTW,N/A
AESI,エネルギー
AESR,N/A
AES,公益事業
AETH,N/A
AEVA,情報技術
AEYE,情報技術
AFB,金融
AFBI,金融
AFCG,不動産
AFG,金融
AFGD,N/A
AFGC,N/A
AFGE,N/A
AFIF,N/A
AFIX,N/A
AFJK,金融
AFJKR,N/A
AFJKU,金融
AFK,N/A
AFL,金融
AFLG,N/A
AFMC,N/A
AFOS,N/A
AFRIW,N/A
AFRI,生活必需品
AFRM,金融
AFRU,N/A
AFSC,N/A
AFSM,N/A
AG,素材
AFYA,生活必需品
AGAE,コミュニケーション・サービス
AGCC,生活必需品
AGBK,金融
AGCO,資本財
AGD,金融
AGEM,N/A
AGEN,ヘルスケア
AGG,N/A
AGGA,N/A
AGGH,N/A
AGGY,N/A
AGGS,N/A
AGH,一般消費財
AGI,素材
AGIQ,N/A
AGIO,ヘルスケア
AGIX,N/A
AGL,ヘルスケア
AGMB,ヘルスケア
AGM,金融
AGMH,情報技術
AGMI,N/A
AGNCL,不動産
AGNCM,不動産
AGNC,不動産
AGNCN,不動産
AGNCO,不動産
AGNCZ,不動産
AGNCP,不動産
AGNG,N/A
AGOX,N/A
AGO,金融
AGPU,情報技術
AGQ,N/A
AGQI,N/A
AGRH,N/A
AGRO,生活必需品
AGRW,N/A
AGRZ,生活必需品
AGX,資本財
AGYS,情報技術
AGZD,N/A
AGZ,N/A
AHCO,ヘルスケア
AHLT,N/A
AHG,ヘルスケア
AHMA,一般消費財
AHR,不動産
AHRT,不動産
AHYB,N/A
AHT,不動産
AIB,N/A
AI,情報技術
AIA,N/A
AIBD,N/A
AIBU,N/A
AIDX,ヘルスケア
AIFF,情報技術
AIFD,N/A
AIFU,金融
AIEQ,N/A
AII,金融
AIHS,資本財
AIG,金融
AIIA,N/A
AIIOW,N/A
AIIO,一般消費財
AIMD,情報技術
AIMS,N/A
AIMDW,N/A
AIN,一般消費財
AINP,N/A
AINT,N/A
AIO,金融
AIOS,情報技術
AIOO,N/A
AIP,情報技術
AIOT,情報技術
AIPI,N/A
AIPO,N/A
AIQ,N/A
AIR,資本財
AIRE,不動産
AIRI,資本財
AIRG,情報技術
AIRJ,資本財
AIRJW,N/A
AIRO,資本財
AIRR,N/A
AIRS,ヘルスケア
AIS,N/A
AIRTP,資本財
AIRT,資本財
AISP,情報技術
AIUP,N/A
AISPW,N/A
AIT,資本財
AIV,不動産
AIVC,N/A
AIVL,N/A
AIVI,N/A
AIXC,情報技術
AIXI,情報技術
AIYY,N/A
AIZ,金融
AJAN,N/A
AKA,一般消費財
AJUL,N/A
AJG,金融
AKAF,N/A
AKAN,ヘルスケア
AKAM,情報技術
AKBA,ヘルスケア
AKR,不動産
AKTS,ヘルスケア
AKTX,ヘルスケア
AL,資本財
ALAB,情報技術
ALAI,N/A
ALB,素材
ALAR,情報技術
ALBG,N/A
ALBT,不動産
ALC,ヘルスケア
ALCO,生活必需品
ALCYU,金融
ALCY,金融
ALCYW,N/A
ALDF,金融
ALDFW,N/A
ALDFU,金融
ALEC,ヘルスケア
ALF,金融
ALDX,ヘルスケア
ALFUU,金融
ALFUW,N/A
ALGM,情報技術
ALG,資本財
ALGS,ヘルスケア
ALGN,ヘルスケア
ALGT,資本財
ALH,一般消費財
ALHC,ヘルスケア
ALIL,N/A
ALIS,金融
ALISR,N/A
ALIT,情報技術
ALISU,金融
ALK,資本財
ALKS,ヘルスケア
ALKT,情報技術
